Date,T_0,P_0,PET_0,T_1,P_1,PET_1,T_2,P_2,PET_2
2015-09-03,16.2,0.0,4.26,14.2,0.0,4.04,14.0,0.0,4.2
2015-09-04,16.6,0.2,4.06,14.7,2.9,3.56,14.6,0.2,4.07
2015-09-05,15.3,2.0,3.46,13.3,2.1,2.83,12.7,2.0,3.38
2015-09-06,15.6,0.9,3.66,13.6,1.5,3.47,12.6,0.9,3.58
2015-09-07,15.3,0.1,3.98,13.3,0.0,3.84,12.1,0.1,3.81
2015-09-08,15.4,0.0,3.77,13.4,0.6,3.44,13.1,0.0,3.74
2015-09-09,14.9,0.6,3.09,13.0,2.3,2.5,13.3,0.6,3.11
2015-09-10,16.0,0.0,3.36,14.0,0.0,2.75,14.4,0.0,3.38
2015-09-11,16.3,0.0,3.33,14.3,0.0,2.97,14.1,0.0,3.29
2015-09-12,16.2,0.1,3.55,14.2,0.0,3.4,13.7,0.1,3.48
2015-09-13,15.2,15.7,3.03,13.2,18.6,2.49,13.2,15.7,3.06
2015-09-14,14.0,2.2,2.58,12.0,4.7,2.18,12.0,2.2,2.57
2015-09-15,13.4,1.6,2.57,11.5,3.4,2.06,11.4,1.6,2.57
2015-09-16,12.4,1.3,2.54,10.4,4.5,2.17,10.2,1.3,2.52
2015-09-17,12.6,0.0,2.95,10.6,0.3,2.48,10.7,0.0,2.94
2015-09-18,13.6,0.0,3.08,11.6,0.0,2.66,11.6,0.0,3.07
2015-09-19,15.3,0.0,3.41,13.3,0.0,3.14,13.2,0.0,3.37
2015-09-20,16.2,0.0,3.82,14.2,0.4,3.49,13.4,0.0,3.79
2015-09-21,15.3,0.3,3.47,13.3,1.4,3.32,12.2,0.3,3.43
2015-09-22,14.0,0.0,2.87,12.0,4.4,2.44,11.4,0.0,2.89
2015-09-23,14.3,0.0,3.35,12.3,0.0,3.18,11.4,0.0,3.26
2015-09-24,14.4,0.0,3.46,12.4,0.0,3.27,11.1,0.0,3.33
2015-09-25,13.4,2.0,2.69,11.4,4.2,2.31,10.8,2.0,2.64
2015-09-26,13.6,2.0,2.54,11.6,4.1,2.26,11.3,2.0,2.51
2015-09-27,12.9,0.6,2.72,10.9,0.5,2.52,9.8,0.6,2.63
2015-09-28,12.6,2.6,2.6,10.6,2.4,2.31,9.7,2.6,2.53
2015-09-29,13.4,1.4,2.39,11.5,3.4,2.1,10.6,1.4,2.37
2015-09-30,11.8,1.2,2.07,9.8,10.7,1.79,8.7,1.2,2.03
2015-10-01,11.4,1.9,2.14,9.4,10.6,1.69,8.6,1.9,2.1
2015-10-02,10.5,4.5,0.88,8.5,11.1,0.73,7.5,4.5,0.89
2015-10-03,9.8,1.8,1.94,7.8,22.0,1.56,6.9,1.8,1.9
2015-10-04,9.1,4.3,1.77,7.1,45.6,1.58,6.2,4.3,1.69
2015-10-05,8.5,0.0,2.53,6.5,0.0,2.3,5.3,0.0,2.43
2015-10-06,10.1,0.1,2.51,8.1,3.3,2.33,7.1,0.1,2.47
2015-10-07,9.3,12.7,1.12,7.3,38.4,1.12,6.2,12.7,1.11
2015-10-08,6.2,12.8,0.97,4.3,20.8,0.81,3.3,12.8,0.93
2015-10-09,5.6,5.3,1.29,3.6,9.0,1.0,3.1,5.3,1.25
2015-10-10,3.7,6.4,0.88,1.7,16.0,0.8,1.2,6.4,0.85
2015-10-11,7.4,0.0,2.32,5.4,0.0,2.21,4.7,0.0,2.26
2015-10-12,10.2,1.7,1.81,8.2,7.2,1.64,7.0,1.7,1.71
2015-10-13,9.6,8.1,1.86,7.7,16.8,1.71,6.4,8.1,1.78
2015-10-14,7.8,7.3,1.29,5.8,29.8,0.96,4.7,7.3,1.22
2015-10-15,7.0,1.0,1.19,5.0,2.9,0.95,4.6,1.0,1.17
2015-10-16,5.9,0.4,1.27,3.9,1.2,1.14,3.6,0.4,1.24
2015-10-17,6.8,0.0,2.17,4.8,0.0,2.05,4.6,0.0,2.12
2015-10-18,7.1,0.0,1.99,5.1,0.0,1.89,4.6,0.0,1.94
2015-10-19,8.2,0.0,2.12,6.2,0.4,1.93,5.7,0.0,2.07
2015-10-20,8.8,0.0,1.93,6.8,0.0,1.77,5.8,0.0,1.88
2015-10-21,8.8,0.0,2.21,6.8,0.0,2.09,5.4,0.0,2.09
2015-10-22,9.1,0.5,2.06,7.1,5.7,1.93,5.7,0.5,1.99
2015-10-23,10.1,0.5,1.36,8.1,0.0,1.38,6.6,0.5,1.14
2015-10-24,11.3,1.4,1.59,9.3,6.3,1.42,7.9,1.4,1.44
2015-10-25,6.9,18.5,0.89,4.9,21.6,0.63,4.9,18.5,0.89
2015-10-26,3.0,23.6,0.47,1.0,25.8,0.41,0.5,23.6,0.44
2015-10-27,2.7,7.6,0.55,0.8,12.0,0.5,0.1,7.6,0.52
2015-10-28,2.3,4.3,0.66,0.3,9.9,0.59,-0.5,4.3,0.61
2015-10-29,2.5,1.0,0.71,0.5,3.8,0.66,-0.0,1.0,0.67
2015-10-30,3.2,0.7,0.87,1.2,1.8,0.77,0.5,0.7,0.82
2015-10-31,2.3,4.4,0.87,0.3,8.2,0.82,-0.7,4.4,0.8
2015-11-01,0.6,0.4,0.94,-1.4,2.2,0.83,-2.6,0.4,0.87
2015-11-02,0.4,1.3,0.88,-1.6,3.9,0.81,-3.0,1.3,0.8
2015-11-03,1.5,0.0,1.37,-0.5,0.0,1.19,-1.9,0.0,1.27
2015-11-04,2.6,0.0,1.57,0.6,0.0,1.43,0.0,0.0,1.48
2015-11-05,4.0,0.0,1.68,2.0,0.0,1.62,1.3,0.0,1.6
2015-11-06,4.4,0.0,1.46,2.4,0.0,1.32,1.8,0.0,1.41
2015-11-07,4.1,0.0,1.26,2.1,0.7,0.95,1.7,0.0,1.26
2015-11-08,2.6,3.1,1.0,0.6,14.6,0.71,-0.3,3.1,0.96
2015-11-09,1.0,10.9,0.93,-1.0,14.5,0.85,-2.3,10.9,0.86
2015-11-10,-1.0,8.2,0.65,-3.0,11.2,0.57,-4.4,8.2,0.59
2015-11-11,-1.1,32.2,0.46,-3.0,39.5,0.42,-4.3,32.2,0.41
2015-11-12,0.5,40.5,0.61,-1.4,55.1,0.46,-3.0,40.5,0.56
2015-11-13,1.1,11.3,0.95,-0.9,15.3,0.85,-2.5,11.3,0.84
2015-11-14,-0.8,0.3,1.15,-2.8,1.0,1.04,-4.6,0.3,1.05
2015-11-15,-0.6,0.0,1.25,-2.6,3.7,1.2,-4.7,0.0,1.08
2015-11-16,0.3,0.0,1.11,-1.6,0.7,1.03,-3.6,0.0,1.01
2015-11-17,-1.9,7.8,0.62,-3.9,17.2,0.57,-5.3,7.8,0.56
2015-11-18,-3.6,0.0,0.91,-5.6,0.0,0.75,-7.0,0.0,0.84
2015-11-19,-4.5,0.0,0.82,-6.5,0.0,0.72,-9.1,0.0,0.69
2015-11-20,-1.0,1.0,0.98,-3.0,1.2,0.86,-4.8,1.0,0.87
2015-11-21,-1.1,0.0,1.15,-3.1,0.0,1.13,-5.3,0.0,0.98
2015-11-22,-0.7,0.0,1.23,-2.7,0.0,1.27,-4.6,0.0,1.05
2015-11-23,-1.6,0.0,1.31,-3.5,0.0,1.3,-4.3,0.0,1.25
2015-11-24,-1.3,0.0,1.25,-3.3,0.0,1.21,-3.5,0.0,1.24
2015-11-25,0.7,0.0,1.24,-1.3,0.0,1.27,-4.3,0.0,1.07
2015-11-26,3.7,0.0,1.51,1.8,0.0,1.61,-0.9,0.0,1.1
2015-11-27,3.2,2.2,0.85,1.2,2.9,0.82,-0.6,2.2,0.71
2015-11-28,3.5,0.0,0.88,1.5,0.0,0.93,-0.1,0.0,0.73
2015-11-29,1.8,5.0,0.51,-0.2,10.0,0.42,-1.6,5.0,0.46
2015-11-30,0.4,7.0,0.71,-1.6,9.7,0.74,-3.2,7.0,0.6
2015-12-01,-2.2,16.1,0.56,-4.2,22.3,0.44,-5.4,16.1,0.52
2015-12-02,-4.9,12.6,0.53,-6.9,19.0,0.48,-8.0,12.6,0.48
2015-12-03,-8.6,7.7,0.36,-10.6,10.6,0.33,-12.9,7.7,0.32
2015-12-04,-9.3,8.7,0.38,-11.3,10.3,0.38,-13.8,8.7,0.34
2015-12-05,-7.8,2.0,0.44,-9.8,2.6,0.41,-11.8,2.0,0.39
2015-12-06,-5.5,0.3,0.51,-7.5,0.6,0.51,-8.9,0.3,0.47
2015-12-07,-4.4,0.0,0.71,-6.4,0.0,0.69,-6.9,0.0,0.66
2015-12-08,-3.6,0.0,0.9,-5.6,0.0,0.86,-5.9,0.0,0.86
2015-12-09,-2.6,0.0,0.69,-4.6,0.0,0.59,-5.4,0.0,0.68
2015-12-10,-3.9,0.0,0.91,-5.9,0.0,0.83,-8.0,0.0,0.79
2015-12-11,-5.0,0.0,0.82,-7.0,0.0,0.72,-9.0,0.0,0.73
2015-12-12,-5.7,0.0,0.83,-7.7,0.0,0.75,-9.9,0.0,0.73
2015-12-13,-5.8,0.0,0.69,-7.8,0.0,0.52,-10.0,0.0,0.64
2015-12-14,-4.7,0.0,0.76,-6.6,0.0,0.65,-8.7,0.0,0.7
2015-12-15,-4.1,1.7,0.46,-6.1,3.1,0.38,-7.5,1.7,0.43
2015-12-16,-5.6,0.0,0.59,-7.6,0.0,0.46,-9.5,0.0,0.54
2015-12-17,-6.2,0.1,0.61,-8.2,0.0,0.52,-10.2,0.1,0.56
2015-12-18,-6.9,0.0,0.72,-8.9,0.0,0.66,-10.6,0.0,0.66
2015-12-19,-8.1,0.0,0.76,-10.1,0.0,0.7,-12.2,0.0,0.64
2015-12-20,-7.4,0.2,0.75,-9.4,0.3,0.68,-11.5,0.2,0.67
2015-12-21,-3.4,5.0,0.4,-5.4,6.6,0.35,-7.0,5.0,0.37
2015-12-22,-2.9,0.0,0.83,-4.9,0.0,0.78,-5.7,0.0,0.75
2015-12-23,-4.4,1.9,0.57,-6.4,3.1,0.51,-7.9,1.9,0.51
2015-12-24,-4.4,0.0,0.7,-6.4,0.0,0.59,-7.7,0.0,0.64
2015-12-25,-3.1,0.0,0.75,-5.1,0.0,0.64,-6.1,0.0,0.69
2015-12-26,-4.6,1.2,0.67,-6.5,2.1,0.53,-8.3,1.2,0.61
2015-12-27,-2.4,0.3,0.78,-4.3,0.5,0.68,-5.5,0.3,0.72
2015-12-28,-4.3,0.0,0.83,-6.3,0.0,0.78,-7.6,0.0,0.73
2015-12-29,-3.7,0.0,0.81,-5.7,0.0,0.75,-8.1,0.0,0.7
2015-12-30,-6.9,9.5,0.32,-8.9,22.6,0.27,-10.7,9.5,0.3
2015-12-31,-11.8,4.9,0.36,-13.8,8.9,0.34,-15.3,4.9,0.33
2016-01-01,-13.4,7.7,0.27,-15.4,15.4,0.24,-17.0,7.7,0.25
2016-01-02,-14.3,3.6,0.37,-16.3,6.4,0.34,-18.4,3.6,0.31
2016-01-03,-17.7,0.0,0.42,-19.7,0.0,0.4,-21.7,0.0,0.33
2016-01-04,-10.5,5.5,0.45,-12.5,4.8,0.46,-13.8,5.5,0.34
2016-01-05,-4.2,5.2,0.59,-6.2,4.9,0.63,-7.4,5.2,0.47
2016-01-06,-1.6,7.4,0.55,-3.5,7.4,0.52,-4.7,7.4,0.5
2016-01-07,1.3,2.5,0.64,-0.7,2.2,0.65,-1.7,2.5,0.53
2016-01-08,0.2,7.3,0.77,-1.7,11.0,0.66,-2.5,7.3,0.66
2016-01-09,-4.5,7.7,0.54,-6.5,8.9,0.44,-8.0,7.7,0.48
2016-01-10,-5.2,0.0,0.78,-7.2,0.0,0.76,-9.3,0.0,0.65
2016-01-11,-2.1,2.1,0.78,-4.1,1.8,0.75,-5.6,2.1,0.67
2016-01-12,-0.9,0.0,0.8,-2.9,0.0,0.83,-4.2,0.0,0.67
2016-01-13,-0.4,0.0,0.86,-2.4,0.0,0.88,-3.9,0.0,0.7
2016-01-14,-2.7,17.0,0.27,-4.7,22.3,0.26,-5.6,17.0,0.25
2016-01-15,-5.6,4.2,0.77,-7.6,7.2,0.7,-9.3,4.2,0.7
2016-01-16,-4.9,0.0,0.99,-6.8,0.0,1.01,-9.1,0.0,0.82
2016-01-17,-1.6,0.0,1.27,-3.6,0.0,1.29,-5.9,0.0,1.04
2016-01-18,0.9,1.6,1.35,-1.1,0.0,1.35,-2.9,1.6,1.04
2016-01-19,-3.7,15.0,0.51,-5.7,18.9,0.38,-6.6,15.0,0.5
2016-01-20,-8.5,4.0,0.67,-10.5,5.6,0.64,-11.9,4.0,0.63
2016-01-21,-7.3,0.0,0.75,-9.3,0.0,0.76,-10.4,0.0,0.63
2016-01-22,-4.1,0.0,0.7,-6.1,2.2,0.63,-7.2,0.0,0.64
2016-01-23,-7.1,13.5,0.32,-9.1,18.1,0.29,-9.3,13.5,0.31
2016-01-24,-11.2,13.3,0.35,-13.2,19.3,0.31,-13.7,13.3,0.33
2016-01-25,-14.4,9.1,0.31,-16.3,11.4,0.3,-18.1,9.1,0.26
2016-01-26,-15.3,0.0,0.61,-17.2,0.0,0.53,-19.9,0.0,0.51
2016-01-27,-16.9,0.0,0.64,-18.9,0.0,0.54,-21.6,0.0,0.53
2016-01-28,-13.3,2.7,0.55,-15.3,3.0,0.47,-17.5,2.7,0.46
2016-01-29,-6.0,12.1,0.42,-8.0,15.0,0.35,-9.5,12.1,0.37
2016-01-30,-2.9,3.9,0.72,-4.9,5.0,0.61,-6.2,3.9,0.66
2016-01-31,-3.2,0.0,1.06,-5.2,0.0,1.05,-6.4,0.0,0.95
2016-02-01,-4.1,0.5,0.77,-6.1,0.5,0.77,-8.1,0.5,0.64
2016-02-02,-5.9,9.4,0.58,-7.9,14.0,0.59,-9.2,9.4,0.52
2016-02-03,-6.3,0.0,1.07,-8.3,0.0,1.07,-10.3,0.0,0.92
2016-02-04,-2.3,0.0,1.41,-4.3,0.0,1.47,-6.9,0.0,1.21
2016-02-05,-0.5,0.0,1.47,-2.5,0.0,1.41,-4.4,0.0,1.32
2016-02-06,-1.2,2.2,1.06,-3.2,8.4,1.07,-4.7,2.2,0.92
2016-02-07,-5.4,17.4,0.45,-7.4,17.3,0.43,-7.6,17.4,0.43
2016-02-08,-6.4,2.6,0.73,-8.4,3.7,0.63,-8.8,2.6,0.7
2016-02-09,-6.4,0.0,1.12,-8.4,0.0,1.09,-9.9,0.0,0.97
2016-02-10,-7.6,0.0,1.07,-9.6,0.0,1.06,-11.9,0.0,0.9
2016-02-11,-6.0,0.1,1.2,-8.0,0.0,1.21,-10.3,0.1,1.0
2016-02-12,-2.3,0.9,1.05,-4.3,0.5,1.03,-6.1,0.9,0.91
2016-02-13,-0.8,0.0,1.33,-2.8,0.0,1.32,-4.7,0.0,1.17
2016-02-14,1.0,0.0,1.16,-1.0,0.0,1.18,-2.3,0.0,1.02
2016-02-15,1.5,0.0,1.55,-0.5,0.0,1.49,-2.1,0.0,1.33
2016-02-16,3.6,0.3,1.44,1.6,0.0,1.21,-0.1,0.3,1.28
2016-02-17,2.8,0.0,1.83,0.8,0.0,1.68,-0.7,0.0,1.65
2016-02-18,1.8,0.0,1.57,-0.2,0.0,1.35,-1.4,0.0,1.51
2016-02-19,1.3,0.0,1.64,-0.7,0.0,1.55,-1.8,0.0,1.51
2016-02-20,-2.0,4.5,0.88,-4.0,8.3,0.73,-4.3,4.5,0.85
2016-02-21,-0.8,7.4,0.97,-2.8,7.6,0.78,-2.9,7.4,0.95
2016-02-22,-3.3,26.5,0.59,-5.3,21.6,0.47,-4.6,26.5,0.58
2016-02-23,0.3,0.7,1.55,-1.7,0.7,1.39,-2.0,0.7,1.52
2016-02-24,0.8,0.0,1.81,-1.2,0.0,1.68,-2.2,0.0,1.61
2016-02-25,0.9,1.9,1.05,-1.1,8.0,0.78,-2.2,1.9,0.95
2016-02-26,1.9,0.0,1.73,-0.1,0.0,1.75,-1.4,0.0,1.58
2016-02-27,2.5,0.0,2.13,0.6,0.0,2.04,-1.0,0.0,1.91
2016-02-28,1.3,4.2,1.19,-0.7,6.3,1.05,-1.7,4.2,1.15
2016-02-29,2.4,0.0,2.17,0.4,0.0,2.12,-0.0,0.0,2.03
2016-03-01,3.4,0.0,2.59,1.4,0.0,2.55,0.7,0.0,2.34
2016-03-02,4.4,0.0,2.85,2.4,0.0,2.85,1.7,0.0,2.62
2016-03-03,4.3,0.0,2.08,2.4,0.0,1.73,2.0,0.0,2.0
2016-03-04,3.1,2.7,1.41,1.1,3.8,1.52,0.3,2.7,1.29
2016-03-05,2.3,1.7,1.55,0.3,2.3,1.61,-0.9,1.7,1.45
2016-03-06,-1.1,12.0,0.85,-3.1,19.5,0.71,-3.8,12.0,0.79
2016-03-07,0.1,0.0,2.13,-1.9,0.0,2.11,-2.6,0.0,1.95
2016-03-08,1.6,0.0,2.41,-0.4,0.0,2.31,-1.5,0.0,2.16
2016-03-09,1.0,0.0,2.41,-1.0,0.0,2.29,-1.9,0.0,2.22
2016-03-10,2.5,0.0,2.38,0.6,0.0,2.33,-0.4,0.0,2.13
2016-03-11,1.8,1.8,1.73,-0.2,6.5,1.49,-1.1,1.8,1.65
2016-03-12,0.1,1.6,1.67,-1.9,3.9,1.47,-3.2,1.6,1.56
2016-03-13,0.1,0.0,2.28,-1.9,0.0,2.25,-2.8,0.0,2.13
2016-03-14,-0.6,11.2,1.25,-2.5,14.6,1.26,-2.7,11.2,1.25
2016-03-15,-4.8,8.8,1.25,-6.8,13.0,1.22,-7.7,8.8,1.15
2016-03-16,-7.4,3.2,1.08,-9.4,5.8,1.02,-10.3,3.2,1.0
2016-03-17,-8.5,0.7,1.18,-10.5,1.5,1.12,-12.0,0.7,1.04
2016-03-18,-5.8,0.0,1.84,-7.8,0.0,1.76,-9.4,0.0,1.68
2016-03-19,-2.5,3.4,1.86,-4.5,5.4,1.79,-6.2,3.4,1.6
2016-03-20,-4.9,18.6,0.61,-6.9,24.4,0.54,-7.5,18.6,0.58
2016-03-21,-6.0,0.0,2.06,-8.0,0.0,1.85,-9.5,0.0,1.87
2016-03-22,-4.7,0.0,1.97,-6.7,0.2,1.89,-8.6,0.0,1.7
2016-03-23,0.9,3.2,2.13,-1.1,2.6,2.05,-2.8,3.2,1.88
2016-03-24,4.2,1.3,2.35,2.3,1.2,2.06,0.7,1.3,1.98
2016-03-25,3.6,3.9,2.22,1.7,10.2,2.21,0.1,3.9,1.94
2016-03-26,1.7,3.2,1.93,-0.3,9.6,1.93,-1.2,3.2,1.87
2016-03-27,-1.9,8.4,1.39,-3.8,8.5,1.02,-3.7,8.4,1.37
2016-03-28,-2.8,6.9,1.04,-4.8,9.6,0.74,-4.6,6.9,1.02
2016-03-29,-5.2,3.2,1.14,-7.2,7.5,0.98,-8.0,3.2,1.06
2016-03-30,-3.6,1.0,1.93,-5.6,0.9,1.9,-6.9,1.0,1.73
2016-03-31,-2.6,8.7,1.4,-4.5,8.3,1.38,-6.2,8.7,1.25
2016-04-01,-1.7,0.0,2.65,-3.7,0.0,2.53,-5.0,0.0,2.37
2016-04-02,0.6,3.2,2.36,-1.4,4.0,2.23,-2.7,3.2,2.13
2016-04-03,-2.8,4.8,1.6,-4.8,7.1,1.46,-5.4,4.8,1.49
2016-04-04,-1.8,0.0,2.36,-3.7,0.0,2.16,-4.6,0.0,2.26
2016-04-05,0.8,0.0,2.79,-1.1,0.0,2.68,-2.0,0.0,2.62
2016-04-06,2.7,0.0,3.05,0.7,0.0,3.0,-0.6,0.0,2.8
2016-04-07,3.9,0.0,3.04,1.9,0.0,3.01,0.7,0.0,2.76
2016-04-08,5.2,0.0,3.56,3.2,0.0,3.44,1.9,0.0,3.24
2016-04-09,6.8,2.8,3.1,4.8,2.0,2.97,2.6,2.8,2.62
2016-04-10,7.0,2.0,1.85,5.0,2.1,1.74,3.3,2.0,1.66
2016-04-11,6.8,3.7,2.43,4.8,4.6,2.53,3.3,3.7,2.18
2016-04-12,5.3,6.1,2.3,3.4,6.6,2.07,2.2,6.1,2.19
2016-04-13,3.2,2.8,2.04,1.2,2.9,1.53,0.5,2.8,1.96
2016-04-14,4.1,3.0,2.27,2.1,2.6,2.16,1.2,3.0,2.11
2016-04-15,5.9,4.4,3.24,3.9,4.7,3.29,1.8,4.4,2.87
2016-04-16,3.1,12.8,1.96,1.1,21.0,1.78,-0.3,12.8,1.75
2016-04-17,3.4,0.1,3.27,1.4,0.0,3.19,-0.0,0.1,2.96
2016-04-18,4.7,0.0,3.31,2.7,0.0,3.2,1.1,0.0,2.92
2016-04-19,7.2,2.3,3.48,5.2,2.0,3.42,3.6,2.3,3.03
2016-04-20,9.2,0.0,4.09,7.2,0.0,3.9,4.7,0.0,3.5
2016-04-21,3.5,15.3,1.76,1.5,19.9,1.29,1.1,15.3,1.73
2016-04-22,-0.8,0.0,3.06,-2.8,0.1,2.84,-3.8,0.0,2.88
2016-04-23,4.6,0.0,4.08,2.6,0.0,3.95,0.6,0.0,3.6
2016-04-24,7.9,0.0,3.76,5.9,0.0,3.5,3.6,0.0,3.29
2016-04-25,8.5,3.1,2.9,6.5,8.7,2.79,5.0,3.1,2.76
2016-04-26,7.2,1.3,3.07,5.3,2.5,3.1,3.3,1.3,2.84
2016-04-27,5.7,26.3,2.0,3.7,26.8,1.44,3.1,26.3,1.98
2016-04-28,3.9,5.8,2.47,1.9,7.7,1.75,1.8,5.8,2.42
2016-04-29,3.5,5.3,2.26,1.5,6.7,2.03,0.8,5.3,2.11
2016-04-30,4.0,3.6,2.45,2.0,5.8,2.51,1.1,3.6,2.32
2016-05-01,4.1,5.5,2.47,2.2,7.6,2.19,1.4,5.5,2.35
2016-05-02,5.7,0.0,3.55,3.7,0.0,3.18,2.9,0.0,3.4
2016-05-03,8.2,6.2,3.37,6.2,4.0,3.52,4.4,6.2,3.03
2016-05-04,7.8,4.5,2.5,5.9,14.3,2.43,4.4,4.5,2.36
2016-05-05,6.1,3.1,2.73,4.1,11.0,2.7,3.0,3.1,2.65
2016-05-06,5.2,7.4,1.98,3.2,18.3,2.08,2.1,7.4,1.9
2016-05-07,3.6,6.7,2.03,1.6,13.3,1.49,0.8,6.7,1.93
2016-05-08,4.6,1.5,2.72,2.7,2.4,2.47,1.6,1.5,2.56
2016-05-09,5.6,2.0,3.36,3.6,1.4,3.18,2.6,2.0,3.17
2016-05-10,6.5,5.1,3.44,4.5,6.7,3.02,3.3,5.1,3.24
2016-05-11,6.9,7.6,2.93,4.9,11.5,2.55,3.8,7.6,2.71
2016-05-12,8.1,1.3,3.28,6.1,3.5,3.28,4.3,1.3,2.95
2016-05-13,10.4,6.7,2.69,8.4,5.0,2.55,5.4,6.7,2.16
2016-05-14,12.8,2.1,4.11,10.8,5.1,3.93,8.2,2.1,3.64
2016-05-15,12.3,4.0,3.68,10.3,7.0,3.58,7.8,4.0,3.17
2016-05-16,9.6,4.9,2.97,7.6,20.3,2.56,5.7,4.9,2.76
2016-05-17,9.7,0.2,4.2,7.7,0.9,4.12,6.1,0.2,3.95
2016-05-18,8.5,9.5,3.17,6.6,21.3,2.33,6.4,9.5,3.15
2016-05-19,5.4,7.3,1.89,3.4,11.7,1.74,3.1,7.3,1.81
2016-05-20,6.5,3.1,2.94,4.5,4.5,2.44,3.9,3.1,2.81
2016-05-21,8.4,0.2,4.07,6.4,0.8,3.63,5.8,0.2,3.93
2016-05-22,10.1,4.2,4.05,8.1,5.6,3.76,7.4,4.2,3.89
2016-05-23,10.1,4.7,3.41,8.1,12.9,3.23,7.4,4.7,3.4
2016-05-24,6.4,7.6,2.31,4.4,11.6,1.96,3.7,7.6,2.18
2016-05-25,9.0,0.0,4.39,7.0,0.1,4.29,6.2,0.0,4.23
2016-05-26,8.8,6.0,2.59,6.8,12.6,2.42,6.2,6.0,2.62
2016-05-27,9.4,5.1,3.35,7.4,15.7,3.34,6.8,5.1,3.32
2016-05-28,8.6,9.0,2.37,6.6,9.0,2.22,6.0,9.0,2.36
2016-05-29,7.0,9.9,2.02,5.0,12.2,1.51,4.2,9.9,1.96
2016-05-30,7.5,7.1,2.34,5.6,7.8,2.62,4.3,7.1,2.2
2016-05-31,10.3,0.1,3.93,8.3,0.1,3.83,6.4,0.1,3.55
2016-06-01,9.7,10.1,2.98,7.7,9.5,2.95,6.2,10.1,2.75
2016-06-02,11.1,0.0,3.74,9.1,0.0,3.72,7.4,0.0,3.46
2016-06-03,11.7,2.0,4.13,9.7,1.6,4.18,8.2,2.0,3.78
2016-06-04,11.0,5.4,3.53,9.0,27.7,3.26,8.2,5.4,3.48
2016-06-05,9.8,10.1,3.08,7.8,14.4,2.58,7.1,10.1,3.01
2016-06-06,10.2,1.1,3.57,8.3,6.4,3.05,7.5,1.1,3.46
2016-06-07,8.4,11.0,1.87,6.4,30.3,1.34,5.8,11.0,1.82
2016-06-08,7.3,10.4,2.38,5.3,14.5,2.12,4.5,10.4,2.29
2016-06-09,6.5,12.3,1.7,4.5,20.4,1.26,4.5,12.3,1.69
2016-06-10,7.1,5.7,2.52,5.1,7.1,2.02,4.7,5.7,2.44
2016-06-11,8.4,1.1,3.6,6.4,2.5,3.3,5.1,1.1,3.32
2016-06-12,8.9,0.0,4.7,6.9,0.0,4.49,6.1,0.0,4.43
2016-06-13,11.9,0.0,5.09,9.9,0.0,4.93,9.2,0.0,4.88
2016-06-14,15.5,0.0,5.6,13.6,0.1,5.24,12.2,0.0,5.28
2016-06-15,14.7,3.3,4.3,12.7,13.0,3.94,11.8,3.3,4.18
2016-06-16,10.5,12.1,2.29,8.5,29.6,1.88,7.7,12.1,2.15
2016-06-17,10.0,2.5,2.42,8.0,4.6,2.22,7.2,2.5,2.27
2016-06-18,11.7,4.8,3.34,9.7,4.8,2.91,9.6,4.8,3.27
2016-06-19,12.9,7.2,3.83,10.9,8.8,3.34,10.3,7.2,3.73
2016-06-20,13.3,4.1,3.58,11.3,5.5,3.17,10.9,4.1,3.49
2016-06-21,14.0,5.9,3.66,12.0,6.2,3.02,11.6,5.9,3.6
2016-06-22,14.9,0.8,4.1,12.9,2.6,3.6,12.6,0.8,4.06
2016-06-23,15.2,4.8,3.86,13.2,5.1,3.44,12.8,4.8,3.8
2016-06-24,15.0,1.3,3.68,13.0,3.2,3.41,12.7,1.3,3.58
2016-06-25,14.8,0.4,4.13,12.8,0.6,3.66,12.5,0.4,4.06
2016-06-26,16.8,0.7,4.69,14.9,2.3,4.1,14.8,0.7,4.64
2016-06-27,18.3,3.7,4.8,16.3,3.3,4.3,16.3,3.7,4.75
2016-06-28,16.2,16.4,3.52,14.2,29.5,2.49,14.7,16.4,3.56
2016-06-29,15.9,6.9,3.93,14.0,7.1,3.54,13.9,6.9,3.87
2016-06-30,14.8,15.9,3.81,12.8,52.6,2.76,12.8,15.9,3.82
2016-07-01,13.8,6.5,3.24,11.8,10.0,2.97,11.5,6.5,3.13
2016-07-02,13.6,4.7,3.19,11.6,8.1,3.09,11.0,4.7,3.08
2016-07-03,13.9,3.3,3.21,11.9,5.3,3.03,11.4,3.3,3.13
2016-07-04,14.1,5.0,3.29,12.1,8.1,3.01,11.8,5.0,3.23
2016-07-05,13.7,3.9,3.19,11.7,7.7,2.61,11.4,3.9,3.14
2016-07-06,13.7,4.9,3.27,11.7,8.0,2.96,11.4,4.9,3.22
2016-07-07,15.0,3.1,4.43,13.1,4.0,3.97,12.8,3.1,4.37
2016-07-08,12.7,15.6,2.67,10.7,47.5,2.39,10.2,15.6,2.53
2016-07-09,11.1,2.8,3.12,9.1,6.4,2.66,9.0,2.8,3.08
2016-07-10,11.3,2.9,2.94,9.3,6.5,2.28,9.4,2.9,2.89
2016-07-11,10.1,0.5,3.37,8.1,1.4,3.38,7.1,0.5,3.16
2016-07-12,11.9,0.0,4.14,9.9,0.3,3.76,9.3,0.0,4.02
2016-07-13,15.7,0.0,5.23,13.8,0.0,4.78,14.3,0.0,5.26
2016-07-14,16.8,0.3,5.1,14.8,0.2,4.55,15.1,0.3,5.08
2016-07-15,17.1,1.4,4.64,15.1,1.1,4.1,14.8,1.4,4.58
2016-07-16,16.8,0.0,4.83,14.8,0.0,4.34,14.6,0.0,4.77
2016-07-17,19.0,0.5,5.06,17.1,0.4,4.55,17.3,0.5,5.04
2016-07-18,18.8,3.5,3.75,16.8,4.8,3.35,17.3,3.5,3.78
2016-07-19,16.2,3.7,3.45,14.2,8.3,2.9,15.2,3.7,3.5
2016-07-20,15.6,4.9,3.4,13.6,8.0,2.48,14.8,4.9,3.47
2016-07-21,15.4,7.1,4.15,13.5,10.8,3.08,14.6,7.1,4.24
2016-07-22,14.0,4.8,3.01,12.1,9.0,2.41,12.7,4.8,3.02
2016-07-23,13.2,2.4,3.6,11.3,6.2,3.11,11.3,2.4,3.56
2016-07-24,12.0,0.0,3.78,10.0,1.1,3.29,9.9,0.0,3.7
2016-07-25,12.2,0.0,3.89,10.3,0.0,3.63,9.9,0.0,3.78
2016-07-26,13.5,0.7,4.19,11.5,1.9,3.66,11.8,0.7,4.2
2016-07-27,14.1,2.1,3.8,12.1,4.8,2.96,12.6,2.1,3.82
2016-07-28,13.7,2.6,3.55,11.7,4.1,2.99,11.8,2.6,3.48
2016-07-29,14.7,0.9,4.01,12.7,2.0,3.68,12.6,0.9,3.96
2016-07-30,14.8,9.0,3.5,12.8,13.3,2.76,12.9,9.0,3.49
2016-07-31,14.4,3.5,3.17,12.4,6.1,2.67,12.4,3.5,3.12
2016-08-01,15.3,6.5,3.58,13.3,6.5,3.14,13.3,6.5,3.54
2016-08-02,16.3,2.5,4.01,14.4,3.6,3.46,14.2,2.5,3.95
2016-08-03,16.7,0.3,4.51,14.7,0.9,4.01,14.4,0.3,4.4
2016-08-04,16.2,0.1,3.95,14.2,3.2,3.41,14.1,0.1,3.88
2016-08-05,16.4,13.6,3.5,14.4,15.9,2.68,14.7,13.6,3.53
2016-08-06,16.6,7.3,3.55,14.6,13.2,2.65,14.9,7.3,3.57
2016-08-07,15.8,7.1,2.73,13.8,44.5,2.16,13.9,7.1,2.71
2016-08-08,15.5,2.8,3.05,13.5,27.5,2.71,13.4,2.8,2.99
2016-08-09,16.6,1.6,4.11,14.6,2.4,3.53,15.0,1.6,4.11
2016-08-10,18.0,7.4,3.88,16.0,8.4,2.95,16.6,7.4,3.93
2016-08-11,17.4,2.7,3.36,15.4,7.8,2.79,15.7,2.7,3.35
2016-08-12,17.2,0.9,4.05,15.2,0.8,3.78,15.0,0.9,3.97
2016-08-13,17.1,5.4,3.52,15.2,5.9,2.8,15.2,5.4,3.49
2016-08-14,14.7,5.2,2.44,12.8,31.7,1.79,13.4,5.2,2.5
2016-08-15,12.8,1.2,2.78,10.8,4.7,2.22,11.6,1.2,2.77
2016-08-16,14.6,2.4,3.27,12.6,6.4,2.82,13.6,2.4,3.32
2016-08-17,14.4,8.3,2.57,12.4,14.7,2.06,13.2,8.3,2.59
2016-08-18,14.9,1.3,3.0,12.9,2.4,2.8,12.9,1.3,2.96
2016-08-19,16.5,0.7,3.9,14.5,1.4,3.12,14.9,0.7,3.92
2016-08-20,18.4,0.0,4.24,16.4,0.0,3.65,16.6,0.0,4.23
2016-08-21,19.2,0.3,4.12,17.2,0.5,3.7,17.5,0.3,4.14
2016-08-22,18.6,1.1,3.84,16.6,1.2,3.53,16.4,1.1,3.83
2016-08-23,17.3,1.6,4.04,15.3,2.8,3.34,15.0,1.6,4.0
2016-08-24,17.2,1.5,3.54,15.2,2.0,2.97,15.1,1.5,3.52
2016-08-25,16.8,2.9,3.33,14.8,6.6,2.79,14.7,2.9,3.31
2016-08-26,15.8,10.2,3.33,13.8,20.5,2.78,13.7,10.2,3.38
2016-08-27,16.1,3.7,3.41,14.1,6.7,2.53,14.3,3.7,3.43
2016-08-28,16.3,4.2,3.6,14.3,7.7,2.62,14.7,4.2,3.63
2016-08-29,16.7,1.3,3.85,14.7,2.2,2.99,14.9,1.3,3.85
2016-08-30,16.6,7.7,3.62,14.6,8.3,2.91,14.7,7.7,3.65
2016-08-31,15.4,5.3,2.84,13.4,32.7,2.12,13.5,5.3,2.88
2016-09-01,12.2,7.6,2.36,10.2,11.4,2.1,9.8,7.6,2.28
2016-09-02,11.5,0.3,3.17,9.5,1.6,2.82,9.3,0.3,3.13
2016-09-03,12.4,2.8,2.77,10.4,7.9,2.1,10.8,2.8,2.8
2016-09-04,12.0,9.9,2.15,10.0,23.5,1.54,9.8,9.9,2.11
2016-09-05,11.9,2.4,3.19,9.9,4.5,2.92,9.2,2.4,3.11
2016-09-06,12.1,1.1,3.6,10.1,2.3,3.43,8.6,1.1,3.34
2016-09-07,10.7,0.0,3.33,8.8,0.0,3.2,7.6,0.0,3.15
2016-09-08,12.4,0.0,3.55,10.4,0.2,3.16,10.0,0.0,3.5
2016-09-09,12.9,0.6,3.07,10.9,2.5,2.5,10.6,0.6,3.05
2016-09-10,13.0,0.0,3.3,11.1,0.0,2.9,11.0,0.0,3.26
2016-09-11,13.4,0.0,3.22,11.4,0.3,2.74,11.1,0.0,3.17
2016-09-12,12.7,0.0,3.19,10.7,0.0,2.91,10.2,0.0,3.1
2016-09-13,13.3,0.5,3.05,11.3,0.6,2.59,11.3,0.5,3.04
2016-09-14,12.5,4.6,2.52,10.5,32.0,2.0,10.1,4.6,2.49
2016-09-15,10.8,6.8,2.37,8.8,14.9,2.27,7.8,6.8,2.26
2016-09-16,8.4,9.9,1.11,6.4,16.2,1.1,5.5,9.9,1.05
2016-09-17,8.1,0.2,2.14,6.1,2.2,1.95,5.3,0.2,2.01
2016-09-18,8.8,0.0,3.16,6.8,0.0,2.97,5.8,0.0,3.03
2016-09-19,10.3,0.0,3.18,8.4,0.0,3.07,7.1,0.0,2.99
2016-09-20,13.7,0.0,3.75,11.8,0.0,3.42,10.1,0.0,3.52
2016-09-21,10.2,8.8,1.73,8.2,26.4,1.41,7.1,8.8,1.75
2016-09-22,9.0,7.8,1.92,7.1,24.4,1.84,6.1,7.8,1.89
2016-09-23,7.6,19.5,1.56,5.6,37.5,1.36,4.9,19.5,1.53
2016-09-24,3.0,6.0,1.48,1.0,10.0,1.43,-0.4,6.0,1.34
2016-09-25,4.0,0.4,1.98,2.0,1.2,1.62,1.1,0.4,1.9
2016-09-26,6.3,0.4,2.42,4.3,1.4,1.99,3.7,0.4,2.39
2016-09-27,6.8,1.4,2.18,4.8,3.1,1.73,4.4,1.4,2.13
2016-09-28,5.3,5.9,1.62,3.3,11.1,1.5,2.3,5.9,1.51
2016-09-29,4.3,6.5,1.26,2.3,9.7,1.16,1.0,6.5,1.17
2016-09-30,4.0,9.6,0.89,2.0,12.1,0.83,0.4,9.6,0.79
2016-10-01,7.2,0.0,2.65,5.2,0.0,2.58,5.0,0.0,2.64
2016-10-02,10.1,0.0,2.97,8.1,0.0,2.84,7.4,0.0,2.9
2016-10-03,9.9,0.0,2.82,7.9,0.0,2.6,7.2,0.0,2.74
2016-10-04,9.9,0.0,2.61,7.9,0.0,2.35,6.8,0.0,2.52
2016-10-05,11.8,0.0,2.91,9.9,0.0,2.74,8.5,0.0,2.78
2016-10-06,10.6,0.0,2.46,8.7,0.2,1.97,8.1,0.0,2.44
2016-10-07,10.7,0.0,2.5,8.7,0.5,2.12,8.1,0.0,2.49
2016-10-08,11.6,0.0,3.01,9.7,0.0,2.73,8.5,0.0,2.94
2016-10-09,9.1,2.3,2.03,7.1,9.6,1.39,6.4,2.3,2.04
2016-10-10,8.3,0.4,1.63,6.3,4.5,1.15,6.5,0.4,1.63
2016-10-11,8.9,0.0,2.11,6.9,0.0,1.86,6.4,0.0,2.05
2016-10-12,9.9,1.7,2.36,7.9,1.3,2.3,6.1,1.7,2.13
2016-10-13,10.7,0.5,2.34,8.7,0.9,2.22,7.3,0.5,2.2
2016-10-14,6.6,9.6,1.06,4.6,19.7,0.76,4.3,9.6,1.06
2016-10-15,2.8,4.5,0.99,0.8,7.8,0.77,-0.2,4.5,0.93
2016-10-16,4.2,0.0,1.6,2.3,0.1,1.31,1.7,0.0,1.57
2016-10-17,3.7,7.6,0.84,1.7,16.2,0.58,1.5,7.6,0.82
2016-10-18,2.6,3.5,0.93,0.7,5.0,0.71,0.5,3.5,0.92
2016-10-19,4.0,1.1,1.33,2.0,2.5,1.05,1.4,1.1,1.28
2016-10-20,4.9,1.5,1.46,2.9,2.0,1.13,2.2,1.5,1.42
2016-10-21,5.3,0.0,1.67,3.3,0.0,1.38,2.6,0.0,1.62
2016-10-22,6.3,0.0,2.01,4.3,0.0,1.9,3.7,0.0,1.94
2016-10-23,6.2,0.0,1.9,4.2,0.0,1.68,3.7,0.0,1.84
2016-10-24,5.3,6.3,0.92,3.3,6.4,0.77,2.6,6.3,0.89
2016-10-25,3.2,8.3,0.82,1.2,16.2,0.66,0.3,8.3,0.77
2016-10-26,1.6,1.4,1.04,-0.3,6.0,0.85,-1.2,1.4,0.98
2016-10-27,4.0,0.0,1.46,2.0,0.0,1.26,1.0,0.0,1.45
2016-10-28,5.2,0.2,1.41,3.2,1.3,1.11,2.6,0.2,1.4
2016-10-29,4.1,4.5,0.7,2.1,4.8,0.57,1.6,4.5,0.69
2016-10-30,3.8,8.5,0.97,1.9,22.0,0.89,1.4,8.5,0.94
2016-10-31,0.1,5.5,0.67,-1.9,11.1,0.56,-2.5,5.5,0.65
2016-11-01,-2.9,10.3,0.71,-4.8,14.4,0.65,-6.2,10.3,0.65
2016-11-02,-5.2,7.3,0.86,-7.2,12.1,0.82,-9.0,7.3,0.77
2016-11-03,-3.0,0.0,1.51,-5.0,0.0,1.39,-7.0,0.0,1.34
2016-11-04,-1.0,0.0,1.52,-2.9,0.0,1.47,-5.1,0.0,1.35
2016-11-05,-1.2,0.0,1.35,-3.2,0.0,1.21,-4.7,0.0,1.3
2016-11-06,-0.5,0.0,1.41,-2.5,0.0,1.35,-4.6,0.0,1.26
2016-11-07,0.8,0.0,1.51,-1.2,0.0,1.44,-3.3,0.0,1.34
2016-11-08,4.0,0.4,1.61,2.0,0.0,1.55,0.1,0.4,1.4
2016-11-09,6.7,0.0,1.74,4.7,0.0,1.75,2.2,0.0,1.47
2016-11-10,8.5,0.2,1.91,6.5,0.1,1.74,3.2,0.2,1.49
2016-11-11,5.3,0.0,1.52,3.3,0.3,1.4,0.6,0.0,1.37
2016-11-12,4.0,0.0,1.3,2.0,0.2,1.1,0.5,0.0,1.24
2016-11-13,6.0,0.0,1.66,4.0,0.0,1.5,3.1,0.0,1.56
2016-11-14,4.1,0.0,1.16,2.1,1.6,1.04,1.5,0.0,1.13
2016-11-15,2.3,3.2,0.86,0.3,5.5,0.61,0.3,3.2,0.86
2016-11-16,-1.2,34.9,0.36,-3.2,39.3,0.32,-3.3,34.9,0.35
2016-11-17,-4.8,13.9,0.67,-6.7,18.3,0.59,-8.3,13.9,0.6
2016-11-18,-6.0,0.0,0.87,-8.0,0.0,0.74,-10.4,0.0,0.76
2016-11-19,-5.7,0.0,1.12,-7.7,0.0,1.04,-9.8,0.0,1.04
2016-11-20,-4.4,0.0,1.28,-6.4,0.0,1.21,-7.6,0.0,1.24
2016-11-21,-4.5,0.0,1.22,-6.5,0.0,1.15,-8.0,0.0,1.19
2016-11-22,-5.5,0.0,1.13,-7.5,0.0,1.1,-9.7,0.0,1.01
2016-11-23,-4.4,0.0,1.22,-6.4,0.0,1.19,-7.0,0.0,1.24
2016-11-24,-5.4,0.0,1.15,-7.4,0.0,1.06,-8.7,0.0,1.15
2016-11-25,-5.2,0.0,1.16,-7.2,0.0,1.08,-8.1,0.0,1.15
2016-11-26,-5.6,0.0,1.01,-7.6,0.0,0.9,-8.6,0.0,1.0
2016-11-27,-5.4,0.0,1.07,-7.4,0.0,1.01,-9.1,0.0,0.96
2016-11-28,-4.1,0.0,1.22,-6.0,0.0,1.21,-7.6,0.0,1.07
2016-11-29,-2.2,0.0,1.21,-4.2,0.0,1.22,-6.3,0.0,1.07
2016-11-30,-0.7,5.0,0.7,-2.7,10.2,0.64,-3.5,5.0,0.61
2016-12-01,-3.4,9.5,0.35,-5.4,9.3,0.31,-5.2,9.5,0.35
2016-12-02,-5.7,23.2,0.29,-7.7,24.3,0.24,-8.0,23.2,0.28
2016-12-03,-6.2,2.8,0.52,-8.2,8.3,0.46,-9.8,2.8,0.43
2016-12-04,-4.8,2.0,0.51,-6.8,4.8,0.47,-8.4,2.0,0.47
2016-12-05,-6.1,7.8,0.45,-8.1,14.4,0.33,-9.3,7.8,0.42
2016-12-06,-11.1,0.7,0.61,-13.1,1.5,0.58,-15.2,0.7,0.51
2016-12-07,-10.7,2.1,0.68,-12.7,4.4,0.66,-15.9,2.1,0.53
2016-12-08,-11.2,6.5,0.42,-13.2,13.2,0.39,-14.8,6.5,0.36
2016-12-09,-9.5,3.4,0.47,-11.5,4.3,0.38,-13.4,3.4,0.42
2016-12-10,-4.6,15.5,0.3,-6.6,20.3,0.25,-8.2,15.5,0.26
2016-12-11,-3.4,11.3,0.37,-5.4,16.5,0.31,-7.1,11.3,0.33
2016-12-12,-1.4,0.4,0.72,-3.4,0.5,0.68,-4.9,0.4,0.63
2016-12-13,-1.9,10.3,0.59,-3.9,16.3,0.57,-5.1,10.3,0.53
2016-12-14,-10.2,17.8,0.23,-12.2,24.7,0.2,-13.3,17.8,0.18
2016-12-15,-12.1,0.5,0.51,-14.0,0.4,0.47,-15.4,0.5,0.46
2016-12-16,-12.9,0.0,0.46,-14.9,0.9,0.4,-17.3,0.0,0.38
2016-12-17,-12.7,5.3,0.39,-14.7,9.9,0.33,-17.2,5.3,0.34
2016-12-18,-13.3,0.0,0.5,-15.3,0.0,0.45,-17.1,0.0,0.46
2016-12-19,-13.2,0.0,0.49,-15.2,0.0,0.42,-17.1,0.0,0.43
2016-12-20,-12.5,0.0,0.5,-14.5,0.0,0.47,-16.5,0.0,0.41
2016-12-21,-11.9,0.0,0.56,-13.9,0.0,0.49,-16.0,0.0,0.47
2016-12-22,-11.8,0.0,0.64,-13.8,0.0,0.59,-15.7,0.0,0.54
2016-12-23,-9.9,0.0,0.71,-11.9,0.0,0.67,-13.8,0.0,0.6
2016-12-24,-5.9,0.7,0.71,-7.8,0.8,0.71,-9.7,0.7,0.64
2016-12-25,-4.8,6.9,0.35,-6.8,9.1,0.29,-7.5,6.9,0.34
2016-12-26,-5.0,1.3,0.61,-6.9,1.7,0.56,-8.1,1.3,0.56
2016-12-27,-4.0,0.0,0.55,-6.0,0.2,0.52,-7.1,0.0,0.5
2016-12-28,-4.4,0.5,0.47,-6.4,3.2,0.4,-7.7,0.5,0.45
2016-12-29,-2.1,0.0,0.74,-4.1,0.0,0.63,-5.2,0.0,0.61
2016-12-30,-2.4,0.0,0.76,-4.4,0.0,0.79,-6.0,0.0,0.64
2016-12-31,-3.7,0.0,0.69,-5.6,0.9,0.69,-7.7,0.0,0.61
2017-01-01,-7.1,2.7,0.58,-7.9,3.4,0.48,-9.9,4.6,0.49
2017-01-02,-10.6,0.0,0.75,-10.0,0.0,0.71,-13.9,0.0,0.62
2017-01-03,-9.5,0.0,0.76,-8.3,0.0,0.71,-13.3,0.0,0.56
2017-01-04,-10.9,0.0,0.69,-10.0,0.0,0.67,-14.3,0.0,0.5
2017-01-05,-7.8,1.3,0.82,-8.1,1.9,0.75,-11.9,1.7,0.53
2017-01-06,-3.2,1.9,0.83,-4.2,3.0,0.69,-6.7,2.3,0.52
2017-01-07,-2.2,0.0,1.4,-3.4,0.0,1.21,-5.8,0.0,0.83
2017-01-08,-2.1,0.0,1.02,-3.5,0.0,0.88,-5.4,0.1,0.71
2017-01-09,-3.6,1.2,0.88,-4.8,1.1,0.8,-6.5,1.6,0.74
2017-01-10,-5.7,4.4,0.97,-6.9,5.1,0.94,-8.6,4.5,0.77
2017-01-11,-5.9,0.1,1.09,-6.5,0.0,0.98,-8.9,0.2,0.86
2017-01-12,-7.0,0.0,1.2,-6.6,0.0,1.14,-9.9,0.0,0.99
2017-01-13,-9.9,7.7,0.41,-11.0,4.4,0.32,-12.1,2.3,0.36
2017-01-14,-8.5,0.0,1.12,-7.8,0.0,0.99,-10.6,0.0,0.94
2017-01-15,-7.6,0.0,1.07,-6.3,0.0,0.93,-9.6,0.1,0.91
2017-01-16,-7.6,0.0,1.01,-4.8,0.0,1.0,-7.8,0.0,0.86
2017-01-17,-5.0,0.0,1.03,-4.2,0.0,0.93,-7.3,0.0,0.85
2017-01-18,-5.7,0.1,1.03,-5.1,0.1,0.84,-7.3,0.2,0.83
2017-01-19,-7.9,0.6,0.67,-7.8,1.2,0.56,-9.1,0.9,0.63
2017-01-20,-7.9,2.6,0.5,-9.1,1.9,0.46,-9.3,0.5,0.59
2017-01-21,-10.9,4.3,0.51,-12.2,1.8,0.48,-13.0,0.6,0.61
2017-01-22,-11.2,0.0,0.66,-11.7,0.0,0.58,-14.2,0.0,0.59
2017-01-23,-10.5,0.0,0.9,-9.1,0.0,0.82,-9.8,0.0,0.94
2017-01-24,-8.1,0.0,1.46,-7.1,0.0,1.37,-8.7,0.0,1.29
2017-01-25,-6.3,2.4,0.84,-6.8,4.0,0.7,-8.5,4.8,0.63
2017-01-26,-9.0,15.7,0.32,-10.2,14.9,0.3,-10.6,14.4,0.33
2017-01-27,-13.0,14.1,0.41,-14.7,11.8,0.36,-15.8,7.8,0.35
2017-01-28,-14.2,12.3,0.29,-16.1,7.8,0.24,-17.2,6.0,0.25
2017-01-29,-13.7,1.8,0.64,-15.0,2.3,0.47,-17.0,1.8,0.49
2017-01-30,-13.4,1.3,0.71,-15.9,1.2,0.58,-17.5,1.3,0.57
2017-01-31,-15.3,9.8,0.36,-16.8,7.8,0.3,-18.0,5.8,0.31
2017-02-01,-14.3,30.1,0.26,-16.0,28.9,0.22,-17.0,20.5,0.24
2017-02-02,-11.6,0.7,0.88,-13.2,0.9,0.75,-15.4,0.8,0.7
2017-02-03,-8.0,0.0,1.3,-5.8,0.0,1.03,-8.9,0.0,1.19
2017-02-04,-9.3,0.0,1.03,-6.8,0.0,1.09,-9.3,0.0,0.96
2017-02-05,-7.9,0.0,1.06,-6.3,0.0,0.99,-10.6,0.0,0.81
2017-02-06,-6.4,1.0,0.85,-5.9,2.3,0.78,-10.0,1.2,0.63
2017-02-07,-5.9,0.0,1.23,-5.4,0.0,1.21,-8.7,0.0,1.07
2017-02-08,-4.4,0.0,1.44,-2.4,0.0,1.47,-6.0,0.0,1.29
2017-02-09,-4.8,0.1,1.25,-3.8,0.1,1.12,-5.1,0.3,1.08
2017-02-10,-5.8,0.1,0.89,-6.1,0.7,0.82,-6.9,0.8,0.92
2017-02-11,-9.6,0.3,0.79,-10.9,0.0,0.75,-11.3,0.0,1.0
2017-02-12,-11.9,2.3,0.69,-12.9,0.3,0.62,-13.5,0.0,0.83
2017-02-13,-12.5,1.6,0.78,-13.9,0.6,0.69,-15.2,0.0,0.73
2017-02-14,-13.3,2.2,0.66,-14.6,0.7,0.56,-16.0,0.0,0.65
2017-02-15,-12.6,2.3,0.84,-14.1,2.9,0.68,-15.3,2.5,0.69
2017-02-16,-13.8,16.2,0.41,-15.7,19.8,0.3,-16.5,14.7,0.33
2017-02-17,-16.1,8.6,0.56,-17.7,9.6,0.47,-18.8,5.9,0.45
2017-02-18,-12.3,0.0,1.3,-6.6,0.0,1.51,-10.7,0.0,1.23
2017-02-19,-9.1,0.0,1.78,-6.4,0.0,1.71,-6.3,0.0,1.79
2017-02-20,-8.1,0.0,1.8,-5.9,0.0,1.76,-7.0,0.0,1.66
2017-02-21,-8.1,0.5,1.56,-5.8,0.8,1.6,-7.9,0.7,1.53
2017-02-22,-6.3,1.5,1.3,-5.9,3.1,1.13,-8.3,2.1,1.04
2017-02-23,-6.6,3.7,1.47,-6.5,4.7,1.48,-8.3,4.2,1.37
2017-02-24,-4.5,0.0,1.79,-3.6,0.0,1.76,-6.1,0.0,1.6
2017-02-25,-3.4,0.0,1.84,-2.1,0.0,1.86,-7.1,0.0,1.56
2017-02-26,-5.1,1.6,1.12,-4.5,1.7,1.05,-3.8,0.7,1.32
2017-02-27,-3.6,0.0,1.91,-3.0,0.0,1.79,-2.6,0.0,1.64
2017-02-28,-2.6,0.0,1.99,-1.4,0.0,2.05,-2.6,0.0,1.88
2017-03-01,-0.3,0.0,2.09,1.2,0.0,2.11,-2.2,0.0,2.01
2017-03-02,0.1,0.0,2.12,0.6,0.0,1.99,-1.7,0.0,1.86
2017-03-03,-0.6,2.6,1.7,-1.3,1.9,1.66,-1.7,0.7,1.68
2017-03-04,-3.7,10.6,0.76,-4.9,9.1,0.64,-5.2,7.2,0.77
2017-03-05,-3.2,1.0,1.61,-4.0,0.4,1.62,-4.5,0.3,1.92
2017-03-06,-1.1,0.0,2.41,-0.8,0.0,2.38,-4.3,0.0,2.21
2017-03-07,-1.2,0.0,2.38,-0.8,0.0,2.39,-3.1,0.0,2.25
2017-03-08,-2.4,0.0,2.26,-2.2,0.0,2.19,-2.2,0.0,2.25
2017-03-09,-1.3,0.0,2.32,-0.9,0.0,2.21,-2.2,0.0,2.16
2017-03-10,1.7,0.0,2.28,1.8,0.0,2.16,-1.4,0.0,1.96
2017-03-11,1.9,0.2,1.81,1.1,1.2,1.74,-0.5,0.5,1.53
2017-03-12,2.0,0.0,2.23,0.4,0.0,1.9,-1.4,0.1,1.62
2017-03-13,1.4,2.2,1.88,-0.1,2.3,1.61,-1.9,3.5,1.41
2017-03-14,-0.2,1.0,1.76,-1.2,1.3,1.59,-2.5,4.4,1.65
2017-03-15,-3.2,6.8,1.51,-4.6,5.1,1.39,-5.3,7.6,1.39
2017-03-16,-5.2,3.6,1.23,-6.8,2.3,1.16,-7.8,1.8,1.29
2017-03-17,-4.1,0.3,1.94,-5.5,0.5,1.69,-7.6,0.6,1.47
2017-03-18,-5.0,11.9,0.71,-6.2,13.2,0.62,-7.3,10.7,0.65
2017-03-19,-3.9,0.0,2.41,-4.1,0.0,2.3,-7.4,0.0,2.1
2017-03-20,-6.1,13.8,0.8,-6.9,15.8,0.68,-8.7,8.2,0.74
2017-03-21,-6.8,0.9,1.39,-7.8,1.1,1.29,-9.9,0.8,1.39
2017-03-22,-6.7,2.8,1.27,-7.9,3.9,1.21,-8.9,3.1,1.36
2017-03-23,-6.5,0.3,1.72,-7.0,0.0,1.65,-8.6,0.0,1.74
2017-03-24,-4.7,0.0,1.94,-4.9,0.0,1.94,-5.2,0.0,2.37
2017-03-25,-2.9,0.0,2.58,-1.1,0.0,2.45,-1.8,0.0,2.52
2017-03-26,-0.7,0.0,2.52,0.1,0.6,2.36,-1.9,0.2,2.21
2017-03-27,0.1,4.8,1.94,-0.2,4.4,1.73,-1.4,4.9,1.76
2017-03-28,-5.2,7.0,1.65,-6.3,8.1,1.65,-6.6,8.8,1.86
2017-03-29,-2.0,0.0,2.56,-1.8,0.0,2.53,-3.0,0.0,2.57
2017-03-30,0.1,0.0,3.11,0.4,0.0,2.9,-0.1,0.0,2.9
2017-03-31,-0.5,0.2,2.06,-1.6,0.4,1.85,-2.9,0.2,2.0
2017-04-01,-1.0,1.4,1.39,-1.7,1.8,1.44,-2.0,2.1,1.77
2017-04-02,-2.6,4.4,1.23,-4.0,1.7,1.27,-4.4,0.7,1.54
2017-04-03,-2.9,4.1,1.2,-4.1,1.1,1.12,-4.4,1.2,1.46
2017-04-04,0.3,0.0,2.98,0.5,0.0,2.93,-0.3,0.0,2.93
2017-04-05,2.9,0.0,3.44,2.8,0.0,3.29,2.1,0.0,3.33
2017-04-06,3.3,0.2,2.85,2.7,0.3,2.73,0.2,0.9,2.23
2017-04-07,1.8,1.7,2.05,1.0,2.5,1.86,-0.5,3.1,1.67
2017-04-08,1.4,1.0,2.46,0.3,2.8,2.21,-1.4,2.4,1.95
2017-04-09,-5.3,15.6,1.02,-6.6,17.4,0.92,-6.8,13.7,0.95
2017-04-10,-4.8,2.1,1.65,-6.4,1.7,1.58,-7.3,0.1,1.99
2017-04-11,-4.6,1.1,1.77,-6.3,0.8,1.82,-6.9,0.8,1.87
2017-04-12,1.0,0.3,3.5,-0.6,0.6,3.1,-1.9,0.3,3.29
2017-04-13,3.9,4.4,1.96,3.3,8.0,1.7,2.0,6.4,1.65
2017-04-14,2.5,15.4,1.36,1.6,20.0,1.27,1.0,18.8,1.41
2017-04-15,0.3,1.1,2.41,-0.8,1.3,2.32,-1.6,1.3,2.44
2017-04-16,0.9,0.0,3.11,1.0,0.0,3.08,0.7,0.0,3.06
2017-04-17,3.6,0.0,3.39,3.0,1.3,3.1,1.8,0.3,2.95
2017-04-18,3.8,0.2,2.13,2.9,0.9,1.92,1.1,0.9,1.79
2017-04-19,0.5,1.3,2.15,-0.1,3.2,2.06,0.6,1.4,2.45
2017-04-20,3.3,0.6,3.25,2.5,1.6,2.95,1.2,0.7,2.73
2017-04-21,4.5,0.0,2.47,4.3,1.1,2.45,3.4,0.1,2.6
2017-04-22,1.6,3.0,1.56,2.2,4.1,1.67,3.5,1.7,1.93
2017-04-23,5.9,19.1,3.38,4.7,16.8,3.0,4.1,16.8,2.72
2017-04-24,-3.5,2.3,2.1,-4.9,2.5,2.03,-5.1,0.5,2.04
2017-04-25,-5.1,1.6,2.06,-6.7,1.2,2.01,-7.2,0.5,2.05
2017-04-26,-1.0,0.0,3.46,0.7,0.0,3.62,0.1,0.0,3.78
2017-04-27,3.4,0.0,3.81,3.2,0.0,3.69,2.6,0.0,3.87
2017-04-28,4.6,0.7,3.59,4.2,0.2,3.56,3.7,0.8,3.54
2017-04-29,4.6,0.0,3.1,4.7,1.1,2.95,3.7,0.9,2.86
2017-04-30,4.1,0.0,3.91,5.9,0.0,3.85,4.6,0.0,3.83
2017-05-01,6.0,0.0,3.91,6.4,0.4,3.94,6.1,0.8,4.02
2017-05-02,5.6,8.0,2.67,4.9,6.0,2.83,5.2,8.9,2.87
2017-05-03,5.4,5.6,2.5,3.6,6.1,2.75,3.0,3.7,2.68
2017-05-04,4.9,3.6,1.77,2.9,4.4,2.0,2.1,1.9,2.0
2017-05-05,5.5,0.0,3.01,3.0,0.0,3.07,2.1,0.0,3.06
2017-05-06,6.0,0.2,3.69,4.3,0.5,3.6,3.4,0.0,3.66
2017-05-07,6.0,7.4,2.08,3.9,8.8,1.97,2.4,14.9,2.03
2017-05-08,6.6,7.2,2.81,4.0,1.6,2.58,1.8,1.6,2.38
2017-05-09,9.7,3.0,3.64,7.4,3.8,3.27,4.5,4.3,3.04
2017-05-10,9.5,12.2,3.02,7.9,7.2,2.8,5.2,17.2,2.77
2017-05-11,3.5,14.4,1.17,2.4,14.5,1.47,1.9,11.1,1.8
2017-05-12,4.0,0.0,3.39,2.5,0.0,3.38,0.5,0.0,3.51
2017-05-13,7.9,0.0,4.29,7.7,0.0,4.17,6.9,0.0,4.18
2017-05-14,9.5,5.9,2.86,8.3,6.2,2.77,7.3,6.3,2.79
2017-05-15,4.4,9.6,0.75,2.9,12.3,0.93,2.5,6.9,1.08
2017-05-16,3.6,9.2,1.39,2.0,11.5,1.4,1.5,4.5,1.64
2017-05-17,4.2,0.7,1.74,3.2,0.6,2.06,3.5,0.2,2.7
2017-05-18,7.6,5.8,2.56,6.8,6.7,2.73,6.9,4.9,2.95
2017-05-19,7.8,7.8,2.31,7.5,9.4,2.42,7.4,13.5,2.52
2017-05-20,3.1,18.8,0.84,2.7,29.8,1.04,3.0,21.9,1.22
2017-05-21,1.6,6.4,2.53,1.3,9.6,2.64,1.3,8.9,2.72
2017-05-22,4.4,5.1,2.81,3.5,5.7,2.67,2.2,6.4,2.78
2017-05-23,3.2,23.6,1.47,2.0,19.0,1.56,0.9,17.7,1.44
2017-05-24,0.7,8.8,2.25,-0.5,7.1,2.3,-1.1,5.9,2.52
2017-05-25,3.9,0.0,3.79,1.3,0.1,3.59,0.3,0.0,3.73
2017-05-26,7.5,9.4,3.42,5.6,4.6,3.47,5.4,1.4,3.31
2017-05-27,7.5,6.1,3.06,6.1,6.9,3.08,4.6,2.6,3.0
2017-05-28,6.3,11.7,2.26,5.0,6.6,2.4,4.3,3.2,2.79
2017-05-29,9.4,1.7,4.02,8.8,1.8,4.03,8.0,2.2,4.13
2017-05-30,12.7,0.0,4.86,11.6,0.0,4.86,10.3,0.0,4.98
2017-05-31,6.7,6.6,2.23,5.4,6.8,2.27,5.2,2.0,2.48
2017-06-01,5.0,6.3,1.66,3.5,8.8,1.7,3.0,3.7,1.69
2017-06-02,6.3,2.2,2.65,4.5,4.9,2.51,3.6,2.0,2.55
2017-06-03,8.0,0.1,3.7,6.7,0.0,3.68,5.8,0.0,3.71
2017-06-04,9.4,0.0,3.8,8.7,1.1,3.82,8.1,0.3,4.13
2017-06-05,13.4,4.6,4.73,12.8,0.4,4.74,12.4,0.1,4.87
2017-06-06,14.9,1.1,4.39,14.1,9.3,4.41,12.7,4.7,4.5
2017-06-07,10.4,3.6,2.32,10.1,5.9,2.75,10.0,1.7,3.34
2017-06-08,10.4,0.0,3.95,9.4,0.3,3.96,8.9,0.1,4.09
2017-06-09,13.8,0.1,4.67,13.6,0.4,4.68,12.5,0.0,4.84
2017-06-10,10.9,10.2,2.65,10.5,8.9,2.99,10.4,6.0,3.45
2017-06-11,8.9,1.3,2.62,7.4,1.2,2.52,7.1,0.0,2.62
2017-06-12,8.2,4.1,2.0,7.0,4.7,2.17,6.8,1.0,2.6
2017-06-13,10.0,0.1,3.0,9.2,0.6,3.33,9.3,0.1,4.14
2017-06-14,11.8,4.8,3.05,10.7,6.5,2.98,10.8,13.9,3.28
2017-06-15,7.6,8.0,2.03,5.9,10.3,1.95,5.4,4.4,2.04
2017-06-16,5.4,3.7,1.19,4.2,4.7,1.35,3.5,3.8,1.64
2017-06-17,7.4,0.1,4.18,6.9,0.0,4.34,6.5,0.0,4.7
2017-06-18,11.7,1.7,4.2,12.0,1.0,4.29,11.1,0.1,4.47
2017-06-19,11.8,0.7,3.14,11.5,1.2,3.42,12.2,0.6,3.75
2017-06-20,8.6,15.6,1.98,7.5,12.3,2.07,7.0,10.4,2.37
2017-06-21,7.4,5.9,2.43,6.0,6.9,2.28,5.4,5.5,2.25
2017-06-22,7.6,4.4,2.41,6.1,6.7,2.36,5.4,2.2,2.32
2017-06-23,9.1,0.0,3.49,7.5,0.4,3.42,6.3,0.0,3.51
2017-06-24,10.9,0.0,4.79,10.2,0.0,4.64,8.8,0.0,4.66
2017-06-25,10.7,1.5,2.84,9.4,2.5,3.02,8.6,0.2,3.42
2017-06-26,13.1,0.0,4.6,13.0,0.0,4.89,13.3,0.0,5.21
2017-06-27,16.7,0.0,4.85,15.8,2.7,5.01,15.9,0.0,5.21
2017-06-28,15.3,0.0,4.22,14.5,1.8,4.31,14.1,0.5,4.41
2017-06-29,14.1,0.0,4.13,13.1,0.0,4.22,12.3,0.0,4.56
2017-06-30,12.7,0.2,3.89,11.4,0.6,3.95,10.2,0.0,4.07
2017-07-01,12.7,1.0,3.91,12.0,0.0,3.92,11.7,0.4,4.47
2017-07-02,17.4,0.1,5.42,16.9,0.0,5.49,16.3,0.0,5.58
2017-07-03,20.2,0.0,5.88,19.2,0.2,5.81,18.1,0.0,5.91
2017-07-04,18.6,6.5,5.18,18.0,4.6,5.3,18.8,0.1,5.74
2017-07-05,12.3,10.0,2.16,11.0,5.4,2.32,11.0,0.3,2.47
2017-07-06,10.8,7.8,1.6,10.1,3.7,2.13,10.6,0.0,2.59
2017-07-07,8.0,12.2,1.03,7.0,17.9,1.26,6.8,10.3,1.39
2017-07-08,8.5,3.4,2.7,7.2,1.4,2.79,7.2,0.0,3.08
2017-07-09,9.6,0.6,2.28,9.2,0.8,2.72,9.9,0.0,3.57
2017-07-10,10.7,1.1,3.52,10.6,1.0,3.55,10.4,0.0,4.25
2017-07-11,11.0,1.1,2.93,10.3,0.1,3.16,10.9,0.0,3.98
2017-07-12,11.7,0.4,3.16,11.3,0.0,3.44,12.0,0.0,4.39
2017-07-13,11.9,1.7,2.75,11.7,1.1,3.04,12.0,0.0,3.97
2017-07-14,12.4,3.5,2.81,12.0,4.6,3.08,12.0,0.2,3.86
2017-07-15,12.5,0.8,2.71,11.8,1.3,3.0,12.3,0.0,3.78
2017-07-16,15.0,0.0,3.57,14.9,0.5,3.83,14.8,0.4,4.44
2017-07-17,18.5,0.2,4.73,18.2,0.0,5.03,18.5,0.0,5.87
2017-07-18,18.9,0.0,4.85,18.8,1.4,5.47,18.3,0.3,5.86
2017-07-19,16.1,3.5,2.73,16.3,2.9,3.43,16.6,0.1,4.33
2017-07-20,13.1,6.7,1.71,12.3,4.1,2.06,12.8,0.8,2.57
2017-07-21,13.4,2.2,2.74,13.4,1.3,3.14,14.6,0.0,4.17
2017-07-22,13.9,2.7,2.47,14.0,2.4,2.93,14.8,0.0,3.74
2017-07-23,12.0,2.8,2.58,11.0,2.2,2.51,11.3,0.0,2.9
2017-07-24,11.4,3.9,1.97,10.5,2.7,2.32,10.7,0.3,2.59
2017-07-25,12.4,3.7,2.19,11.7,2.2,2.55,12.1,1.9,3.13
2017-07-26,15.2,0.0,5.0,14.4,0.0,4.87,13.5,0.0,4.95
2017-07-27,17.8,0.0,5.6,18.1,0.0,5.41,17.0,0.0,5.39
2017-07-28,18.6,0.7,5.46,18.5,0.6,5.55,19.7,0.0,6.13
2017-07-29,12.2,18.7,1.49,11.9,14.1,2.02,12.9,0.9,2.58
2017-07-30,10.9,9.7,1.52,10.1,2.7,2.04,10.6,0.0,2.49
2017-07-31,12.0,3.8,2.07,12.0,0.5,2.65,13.0,0.1,3.2
2017-08-01,15.3,0.6,3.76,16.5,0.5,4.16,17.2,0.0,4.82
2017-08-02,19.3,0.0,4.24,19.8,1.2,4.84,20.5,0.6,5.41
2017-08-03,20.3,0.0,4.39,19.8,0.0,4.99,20.3,3.3,5.61
2017-08-04,19.5,0.6,4.25,19.2,0.5,4.87,20.1,0.3,5.69
2017-08-05,17.6,1.2,3.73,18.3,1.4,4.54,18.3,0.2,5.24
2017-08-06,17.9,0.5,4.65,18.2,1.2,5.09,18.0,0.0,5.44
2017-08-07,18.4,0.1,5.21,17.9,0.0,5.48,18.6,0.0,5.94
2017-08-08,17.6,0.0,4.36,17.2,0.0,4.56,17.5,0.0,5.03
2017-08-09,16.7,0.2,3.41,16.4,0.2,3.75,16.4,0.0,4.59
2017-08-10,15.7,0.7,3.07,15.3,0.1,3.24,15.9,0.9,4.2
2017-08-11,17.8,0.3,3.11,18.4,0.0,3.67,19.4,0.0,4.76
2017-08-12,18.1,0.9,3.12,18.1,0.2,3.61,19.2,0.0,4.81
2017-08-13,17.5,2.6,3.54,17.2,6.2,4.12,18.1,0.9,5.09
2017-08-14,16.4,0.1,3.85,15.2,0.0,3.93,14.9,0.0,4.33
2017-08-15,14.4,1.7,2.91,13.2,1.9,3.07,13.1,0.8,3.49
2017-08-16,14.8,4.2,2.81,13.7,5.6,2.88,13.8,5.8,3.3
2017-08-17,15.0,14.1,2.96,13.8,4.0,3.06,13.4,3.3,3.23
2017-08-18,14.9,0.8,2.65,14.1,2.2,2.89,14.3,0.0,3.44
2017-08-19,15.4,5.1,2.59,14.8,7.3,2.95,15.2,0.4,3.76
2017-08-20,15.1,2.7,2.52,14.6,5.1,2.89,15.2,0.9,3.84
2017-08-21,18.8,0.0,4.52,17.7,0.0,4.75,17.8,0.0,5.41
2017-08-22,15.7,17.7,2.39,15.3,19.1,2.86,15.3,1.4,3.86
2017-08-23,12.7,14.7,1.58,12.1,18.4,1.91,12.0,2.5,2.16
2017-08-24,11.5,6.0,1.79,10.9,2.9,2.15,11.3,0.0,2.72
2017-08-25,10.7,14.0,1.14,9.9,4.7,1.6,10.2,0.0,1.88
2017-08-26,9.9,5.6,1.4,9.3,0.9,1.8,10.0,0.0,2.12
2017-08-27,11.9,2.3,2.27,12.1,0.8,2.61,13.1,0.0,3.55
2017-08-28,14.5,1.2,2.58,14.9,4.5,3.0,15.5,0.1,4.01
2017-08-29,13.1,5.0,2.25,12.4,5.7,2.5,13.1,0.7,3.16
2017-08-30,12.3,7.4,1.61,11.6,6.3,2.01,12.1,1.1,2.55
2017-08-31,11.6,8.7,1.95,10.7,5.9,2.27,11.6,0.2,3.01
2017-09-01,10.2,4.7,1.96,10.0,2.1,2.32,11.1,0.0,3.07
2017-09-02,10.9,0.1,2.23,10.7,0.6,2.5,11.5,0.0,3.35
2017-09-03,14.3,0.0,3.79,14.8,0.0,4.03,14.0,0.0,4.24
2017-09-04,15.9,0.0,4.52,17.7,0.0,4.56,16.7,0.0,4.75
2017-09-05,15.7,0.0,3.26,15.9,0.0,3.64,16.3,0.0,4.38
2017-09-06,14.8,5.2,3.01,14.6,5.1,3.69,15.9,0.3,4.89
2017-09-07,7.3,18.6,1.16,5.9,19.5,1.12,5.8,10.6,1.15
2017-09-08,10.5,0.0,3.68,10.2,0.0,3.67,9.8,0.0,3.81
2017-09-09,14.8,0.0,3.96,16.2,0.2,4.02,16.0,0.0,4.23
2017-09-10,14.8,0.0,3.81,15.0,0.0,3.79,14.0,0.0,3.95
2017-09-11,14.9,0.0,3.86,13.3,0.0,3.72,11.4,0.0,3.91
2017-09-12,14.9,0.0,4.3,15.3,0.0,4.32,14.8,0.0,4.56
2017-09-13,16.3,0.0,4.17,17.7,0.0,4.16,16.0,0.0,4.15
2017-09-14,14.5,0.0,3.41,14.4,0.0,3.59,14.1,0.1,3.71
2017-09-15,17.7,0.0,4.16,16.9,0.2,4.28,16.0,0.0,4.58
2017-09-16,17.1,0.0,3.79,16.5,0.0,3.99,15.7,0.0,4.17
2017-09-17,15.5,0.0,3.95,16.4,0.0,4.02,15.7,0.0,4.03
2017-09-18,16.2,0.0,4.0,16.3,0.0,3.96,16.1,0.0,3.97
2017-09-19,16.6,0.0,3.61,16.6,1.0,3.55,16.0,0.4,3.58
2017-09-20,16.8,1.2,3.7,17.1,1.2,3.64,16.2,0.1,3.82
2017-09-21,16.0,0.0,3.7,15.3,0.5,3.71,15.2,0.3,4.0
2017-09-22,14.7,7.7,3.29,14.0,2.7,3.38,13.7,1.0,3.63
2017-09-23,11.5,13.4,1.69,11.0,11.0,2.03,11.8,0.8,2.82
2017-09-24,10.1,5.1,1.47,9.3,4.3,1.73,9.9,0.7,2.28
2017-09-25,11.4,0.0,2.23,10.8,0.3,2.46,11.2,0.6,2.86
2017-09-26,13.0,0.6,2.49,12.5,0.0,2.59,12.3,0.6,2.76
2017-09-27,9.8,13.7,1.61,8.8,15.1,1.67,8.3,4.9,1.9
2017-09-28,7.8,2.7,1.22,6.4,5.2,1.33,6.3,1.3,1.66
2017-09-29,6.8,2.6,1.1,5.8,1.7,1.27,6.2,0.5,1.75
2017-09-30,8.5,2.1,1.68,7.8,4.1,1.81,7.9,0.9,2.28
2017-10-01,8.0,2.6,1.45,6.6,5.2,1.58,6.2,1.5,1.75
2017-10-02,4.9,19.2,0.38,3.4,24.9,0.41,2.7,15.6,0.46
2017-10-03,1.6,4.2,0.51,-0.3,5.1,0.62,-0.5,1.4,0.69
2017-10-04,2.1,2.6,1.59,-0.6,0.6,1.61,-0.7,0.0,1.64
2017-10-05,3.6,0.0,2.21,2.0,0.0,2.3,2.6,0.0,2.48
2017-10-06,7.3,0.0,2.89,6.1,0.0,2.8,5.4,0.0,2.81
2017-10-07,8.0,0.0,3.09,7.3,0.0,2.92,6.0,0.0,2.9
2017-10-08,8.4,0.0,3.29,7.8,0.0,3.13,6.2,0.0,2.92
2017-10-09,7.5,11.1,1.59,6.6,4.3,1.61,6.0,0.7,2.11
2017-10-10,4.9,13.5,0.55,3.5,13.1,0.59,3.1,12.2,0.82
2017-10-11,3.0,5.0,0.62,1.4,4.3,0.6,1.0,2.4,0.75
2017-10-12,2.8,4.7,0.54,1.1,4.8,0.61,0.8,1.1,0.73
2017-10-13,3.9,0.6,1.5,2.6,0.0,1.6,2.4,0.0,1.95
2017-10-14,4.2,1.5,1.34,3.1,1.2,1.44,2.5,0.3,1.6
2017-10-15,2.3,3.8,0.72,0.4,7.4,0.69,-0.3,3.9,0.7
2017-10-16,1.9,32.6,0.31,0.1,37.6,0.29,-0.9,33.5,0.34
2017-10-17,-1.2,4.1,0.85,-2.3,5.3,0.71,-3.6,4.0,0.72
2017-10-18,0.8,0.0,1.64,0.4,0.0,1.69,-2.3,0.0,1.65
2017-10-19,1.9,0.0,2.06,3.6,0.0,2.03,1.8,0.0,1.88
2017-10-20,2.9,0.0,2.02,3.3,0.0,2.0,2.8,0.0,2.05
2017-10-21,4.6,0.3,1.86,4.0,0.0,1.84,2.2,0.0,1.75
2017-10-22,4.7,0.8,1.75,3.4,0.3,1.65,2.0,0.0,1.62
2017-10-23,5.6,0.0,2.12,2.8,0.0,1.81,1.7,0.0,1.87
2017-10-24,8.4,0.0,2.89,6.5,0.0,2.54,2.3,0.0,2.12
2017-10-25,9.9,0.0,2.76,8.7,0.0,2.53,4.7,0.0,2.0
2017-10-26,7.2,6.6,1.9,6.4,6.2,1.83,5.7,2.0,1.85
2017-10-27,5.1,1.5,1.2,3.8,2.5,1.28,3.7,0.1,1.65
2017-10-28,6.9,0.6,1.87,5.3,1.1,1.63,4.0,1.2,1.49
2017-10-29,6.7,0.7,1.45,4.7,2.0,1.02,2.9,1.8,0.83
2017-10-30,5.6,5.0,1.05,3.6,6.8,0.77,2.1,6.2,0.47
2017-10-31,0.4,4.0,0.77,-1.6,2.3,0.73,-1.7,2.4,0.89
2017-11-01,-2.6,2.0,0.74,-4.7,0.7,0.8,-5.2,0.0,1.04
2017-11-02,-3.1,0.2,1.29,-3.6,0.4,1.24,-4.0,0.0,1.29
2017-11-03,-2.4,0.0,1.8,-0.3,0.0,1.68,-0.9,0.0,1.64
2017-11-04,-1.3,0.0,1.72,0.2,0.0,1.62,-0.5,0.0,1.56
2017-11-05,1.8,0.0,1.64,2.7,0.0,1.54,1.6,0.0,1.37
2017-11-06,4.3,0.4,1.47,3.4,0.2,1.36,1.5,0.4,1.06
2017-11-07,2.8,0.2,0.68,2.1,0.4,0.68,1.7,0.0,0.72
2017-11-08,3.0,0.6,0.52,2.1,0.9,0.6,2.1,0.0,0.77
2017-11-09,3.0,1.0,0.62,2.0,0.9,0.7,1.8,0.1,0.92
2017-11-10,2.2,0.7,1.05,1.2,0.3,1.02,0.2,0.0,1.09
2017-11-11,1.1,0.5,1.3,0.5,0.3,1.3,-0.6,0.0,1.36
2017-11-12,2.8,0.0,1.6,1.7,0.0,1.45,0.3,0.0,1.27
2017-11-13,4.6,0.2,1.66,3.4,0.2,1.55,2.0,0.2,1.39
2017-11-14,6.2,0.1,1.88,5.4,0.5,1.81,3.3,0.2,1.55
2017-11-15,4.2,1.1,1.07,3.5,0.6,1.02,1.6,0.4,0.99
2017-11-16,2.6,0.6,1.07,1.6,0.6,1.12,0.7,0.0,1.19
2017-11-17,3.6,0.0,1.48,2.7,0.0,1.39,1.5,0.0,1.36
2017-11-18,4.3,0.0,1.82,3.3,0.0,1.67,2.0,0.0,1.52
2017-11-19,4.6,3.6,1.47,3.2,2.7,1.29,1.0,3.5,0.84
2017-11-20,3.6,0.0,1.24,1.8,0.4,0.99,-0.5,0.3,0.6
2017-11-21,2.6,11.3,0.93,0.9,16.8,0.79,-0.9,15.9,0.5
2017-11-22,-7.5,16.8,0.39,-9.0,21.2,0.31,-10.2,14.9,0.31
2017-11-23,-10.0,5.5,0.49,-11.0,7.6,0.39,-13.8,6.5,0.37
2017-11-24,-12.4,1.1,0.63,-12.0,1.6,0.55,-14.0,1.3,0.52
2017-11-25,-8.4,2.5,0.99,-9.4,3.7,0.79,-11.8,2.4,0.78
2017-11-26,-7.3,0.0,1.07,-6.8,0.0,1.0,-10.1,0.0,0.86
2017-11-27,-6.5,0.0,0.97,-5.7,0.0,0.88,-6.7,0.0,0.86
2017-11-28,-2.2,0.8,0.95,-2.7,1.6,0.83,-5.7,1.1,0.66
2017-11-29,-0.2,5.9,0.71,-1.0,9.0,0.61,-2.7,8.0,0.53
2017-11-30,-4.2,1.5,0.93,-4.8,2.4,0.87,-7.7,1.3,0.78
2017-12-01,-4.1,0.0,1.3,-1.3,0.0,1.13,-1.9,0.0,1.33
2017-12-02,-1.4,0.0,1.4,1.7,0.0,1.17,1.3,0.0,1.24
2017-12-03,0.3,0.0,1.39,5.5,0.0,1.2,3.4,0.0,1.24
2017-12-04,2.4,0.0,1.65,4.0,0.0,1.52,1.7,0.0,1.43
2017-12-05,1.2,1.1,1.05,0.4,1.6,1.02,-1.4,2.1,1.17
2017-12-06,-6.4,45.3,0.21,-7.7,46.9,0.18,-8.5,36.2,0.18
2017-12-07,-7.8,18.9,0.56,-9.1,24.0,0.47,-10.4,20.6,0.43
2017-12-08,-4.8,12.7,0.41,-5.3,19.1,0.32,-7.2,17.5,0.33
2017-12-09,-5.0,0.0,0.85,-4.9,0.0,0.82,-9.2,0.0,0.67
2017-12-10,-4.5,0.0,1.05,-3.6,0.0,1.06,-9.3,0.0,0.75
2017-12-11,-4.7,1.9,0.84,-3.2,1.0,0.76,-5.6,1.2,0.72
2017-12-12,-5.6,0.0,1.25,3.0,0.0,1.26,0.4,0.0,1.41
2017-12-13,-2.3,0.1,1.44,6.4,0.2,1.32,4.0,0.8,1.58
2017-12-14,-1.4,0.0,1.27,2.6,0.2,1.27,0.6,0.0,1.36
2017-12-15,-4.0,0.0,1.1,-1.7,0.0,1.13,-2.5,0.0,1.17
2017-12-16,-2.5,0.1,1.31,-1.4,0.2,1.21,-4.4,0.0,1.13
2017-12-17,-1.3,0.1,1.22,-0.4,0.2,1.13,-5.1,0.2,0.91
2017-12-18,0.4,0.7,0.88,0.0,0.6,0.76,-3.7,1.8,0.52
2017-12-19,0.9,0.0,1.02,-0.8,0.1,0.82,-3.0,0.0,0.68
2017-12-20,-0.1,6.2,0.41,-1.2,7.6,0.34,-2.2,10.7,0.34
2017-12-21,0.5,0.0,0.7,-0.1,0.2,0.63,-0.8,0.4,0.67
2017-12-22,0.3,2.6,0.49,-0.5,6.3,0.46,-1.1,2.2,0.42
2017-12-23,2.5,6.2,0.91,0.9,5.7,0.68,-0.3,7.3,0.45
2017-12-24,-5.5,20.2,0.44,-6.1,20.0,0.4,-5.7,17.1,0.39
2017-12-25,-5.5,0.1,0.49,-6.2,0.4,0.42,-8.4,0.1,0.38
2017-12-26,-3.9,0.0,0.99,-3.4,0.0,0.95,-7.3,0.0,0.92
2017-12-27,-2.2,0.0,1.58,0.0,0.0,1.5,-5.9,0.0,1.32
2017-12-28,0.9,0.0,1.83,1.2,0.0,1.79,-2.5,0.0,1.45
2017-12-29,0.6,0.0,1.52,0.1,0.0,1.47,-2.2,0.0,1.22
2017-12-30,1.9,6.2,0.87,1.2,7.1,0.76,-0.5,8.9,0.61
2017-12-31,-0.2,0.0,0.83,-1.6,0.1,0.65,-3.0,0.1,0.52
2018-01-01,-3.3,22.7,0.3,-4.4,23.5,0.26,-4.9,15.5,0.31
2018-01-02,-5.9,8.0,0.57,-6.7,6.3,0.49,-7.5,4.0,0.48
2018-01-03,-4.3,0.0,1.17,-3.2,0.0,1.04,-6.6,0.0,0.89
2018-01-04,-1.0,0.0,0.95,-1.5,0.0,0.8,-4.6,0.1,0.57
2018-01-05,-2.5,0.0,0.88,-3.1,0.2,0.76,-5.0,0.0,0.63
2018-01-06,-4.0,2.9,0.5,-4.8,3.8,0.42,-5.6,1.8,0.46
2018-01-07,-5.1,0.0,1.02,-3.0,0.0,1.02,-5.3,0.0,0.94
2018-01-08,-3.8,0.0,1.03,-2.0,0.0,0.98,-4.3,0.0,0.95
2018-01-09,-5.6,5.4,0.78,-4.0,6.4,0.71,-6.3,5.8,0.7
2018-01-10,-5.6,3.9,0.74,-6.5,4.2,0.64,-7.6,2.7,0.84
2018-01-11,-1.8,1.4,1.18,-2.4,2.8,0.99,-5.6,2.5,0.76
2018-01-12,-3.7,0.1,0.96,-4.8,0.1,0.87,-7.4,0.5,0.7
2018-01-13,-3.1,0.1,0.78,-4.1,0.7,0.64,-6.3,0.6,0.56
2018-01-14,-3.9,2.2,0.71,-4.6,2.2,0.58,-6.1,1.3,0.6
2018-01-15,-6.9,9.5,0.44,-8.3,6.5,0.37,-8.7,2.5,0.49
2018-01-16,-7.5,0.4,0.79,-7.7,1.1,0.76,-10.1,0.6,0.62
2018-01-17,-5.3,2.5,0.82,-6.3,3.1,0.7,-8.6,4.0,0.55
2018-01-18,-2.3,3.4,0.97,-4.0,4.9,0.74,-6.1,6.4,0.48
2018-01-19,-4.6,9.9,0.34,-5.6,11.3,0.31,-5.9,10.9,0.33
2018-01-20,-4.9,0.3,1.07,-4.7,0.2,1.21,-8.1,0.1,0.93
2018-01-21,-3.0,0.0,1.36,-3.0,0.0,1.38,-6.9,0.0,0.99
2018-01-22,-1.7,0.1,1.46,-3.2,0.2,1.24,-5.5,0.3,0.88
2018-01-23,-2.7,3.0,0.76,-4.2,4.1,0.64,-5.9,4.3,0.45
2018-01-24,-7.0,7.8,0.39,-8.6,5.8,0.34,-8.6,5.0,0.38
2018-01-25,-8.8,11.0,0.4,-9.4,11.1,0.36,-9.4,9.9,0.35
2018-01-26,-7.9,1.4,0.47,-8.4,0.7,0.46,-8.4,0.3,0.57
2018-01-27,-7.2,6.0,0.45,-8.9,3.2,0.39,-9.4,2.0,0.42
2018-01-28,-6.6,9.3,0.53,-8.3,3.4,0.46,-9.1,2.5,0.48
2018-01-29,-7.8,2.8,0.72,-8.6,3.2,0.63,-9.5,2.0,0.74
2018-01-30,-7.1,5.0,0.91,-8.4,7.6,0.72,-9.8,6.3,0.73
2018-01-31,-5.5,10.4,0.61,-6.8,14.7,0.48,-8.5,9.1,0.57
2018-02-01,-6.3,0.9,1.2,-7.4,1.5,1.02,-8.8,1.2,1.01
2018-02-02,-5.7,0.0,1.39,-5.2,0.0,1.28,-8.0,0.0,1.19
2018-02-03,-3.5,0.0,1.39,-2.9,0.0,1.24,-5.8,0.1,1.17
2018-02-04,0.7,1.3,0.96,1.0,1.5,0.84,-3.3,1.5,0.59
2018-02-05,0.5,1.1,1.06,-0.4,2.4,0.9,-1.8,0.7,0.98
2018-02-06,-1.4,0.0,1.24,-1.8,0.0,1.1,-4.2,0.0,1.18
2018-02-07,-2.7,0.0,1.55,-2.7,0.0,1.41,-3.9,0.0,1.45
2018-02-08,-2.0,0.0,1.8,-1.2,0.0,1.58,-4.1,0.0,1.59
2018-02-09,-1.3,2.2,1.23,-1.7,2.5,1.09,-2.7,3.3,1.3
2018-02-10,-2.5,0.0,1.49,-3.3,0.0,1.33,-5.9,0.0,1.22
2018-02-11,1.4,0.9,1.64,0.3,1.8,1.36,-2.1,1.7,1.26
2018-02-12,0.3,3.2,1.18,-1.4,2.2,1.0,-2.9,2.4,1.0
2018-02-13,-3.3,8.1,0.61,-4.8,6.5,0.52,-5.3,3.1,0.68
2018-02-14,-3.2,0.0,1.43,-5.0,0.0,1.34,-7.2,0.0,1.14
2018-02-15,-2.2,0.0,1.53,-3.2,0.1,1.38,-6.2,0.0,1.21
2018-02-16,-2.0,0.0,1.81,-2.1,0.0,1.65,-5.3,0.0,1.59
2018-02-17,-2.2,2.1,1.39,-2.6,1.2,1.31,-3.7,0.5,1.38
2018-02-18,-5.2,22.9,0.42,-6.7,15.9,0.39,-7.4,10.5,0.42
2018-02-19,-3.9,0.1,1.4,-4.4,0.0,1.35,-4.8,0.0,1.46
2018-02-20,-1.7,0.2,1.21,-2.3,0.7,1.06,-4.1,0.7,1.11
2018-02-21,-1.3,0.0,1.43,-2.4,0.1,1.33,-4.6,0.1,1.14
2018-02-22,-2.7,0.0,1.57,-3.2,0.1,1.52,-4.6,0.0,1.41
2018-02-23,-2.5,0.0,1.67,-2.7,0.0,1.62,-2.9,0.0,1.64
2018-02-24,-1.9,0.0,1.55,-2.8,0.0,1.43,-3.4,0.0,1.65
2018-02-25,-2.4,2.1,1.48,-3.1,2.9,1.22,-5.3,4.5,1.08
2018-02-26,-4.0,5.4,1.34,-5.0,6.1,1.29,-6.0,3.2,1.39
2018-02-27,-1.2,0.3,1.35,-2.2,0.6,1.1,-4.0,0.8,0.94
2018-02-28,-1.0,0.0,1.9,-2.1,0.0,1.73,-4.2,0.0,1.45
2018-03-01,-6.0,16.0,0.53,-6.7,16.3,0.47,-7.0,16.9,0.45
2018-03-02,-5.5,0.1,1.65,-6.8,0.1,1.52,-9.5,0.3,1.28
2018-03-03,-0.2,2.5,1.27,-1.2,2.6,0.99,-3.9,2.6,0.85
2018-03-04,1.9,2.4,1.26,0.8,3.0,1.05,-1.0,7.4,0.86
2018-03-05,-1.1,5.8,1.04,-2.1,4.7,1.01,-2.7,6.2,1.28
2018-03-06,1.5,0.9,1.81,0.6,1.4,1.7,-1.4,1.5,1.53
2018-03-07,2.7,0.1,1.85,1.3,0.1,1.62,-0.7,0.4,1.42
2018-03-08,2.3,10.2,1.17,1.3,10.4,0.97,-0.3,13.6,0.84
2018-03-09,-2.1,43.1,0.39,-3.3,48.6,0.35,-3.9,36.6,0.42
2018-03-10,-3.6,0.5,1.65,-5.3,0.4,1.52,-6.1,0.1,1.48
2018-03-11,-1.6,0.0,1.56,-2.5,0.2,1.27,-3.6,0.2,1.3
2018-03-12,-1.0,0.0,2.03,-2.4,0.0,1.88,-3.1,0.0,1.84
2018-03-13,1.7,0.0,2.4,0.2,0.0,2.2,-0.4,0.0,2.06
2018-03-14,2.3,0.2,1.88,0.8,1.3,1.64,-0.8,5.4,1.45
2018-03-15,0.4,3.5,1.78,-0.7,3.0,1.61,-2.1,5.4,1.5
2018-03-16,-2.0,14.9,0.61,-3.2,13.7,0.58,-3.9,8.9,0.73
2018-03-17,-0.9,0.0,2.34,-2.0,0.0,2.2,-3.7,0.0,2.11
2018-03-18,3.3,0.0,2.65,2.8,0.0,2.58,1.3,0.0,2.36
2018-03-19,5.7,0.0,2.6,4.5,0.0,2.43,2.2,0.0,1.98
2018-03-20,5.7,0.4,2.49,4.4,0.3,2.17,3.0,0.5,2.19
2018-03-21,1.0,6.3,1.92,-0.2,6.3,1.84,-1.1,6.9,1.93
2018-03-22,2.8,0.0,2.41,1.9,0.0,2.23,0.9,0.0,2.39
2018-03-23,5.5,4.5,2.29,3.9,5.9,1.81,2.3,6.8,1.8
2018-03-24,5.7,6.6,2.21,4.3,8.1,1.95,2.9,8.2,1.66
2018-03-25,0.4,3.1,1.91,-0.7,0.3,1.78,-1.8,2.0,1.89
2018-03-26,1.7,0.0,2.09,0.8,0.1,1.96,-0.3,1.6,1.83
2018-03-27,3.9,0.0,2.43,2.4,0.0,2.11,1.7,0.1,2.08
2018-03-28,5.8,0.0,3.09,4.8,0.0,2.9,3.4,0.0,2.74
2018-03-29,6.2,8.1,2.26,4.9,8.2,1.92,3.4,8.0,1.58
2018-03-30,-1.2,10.0,0.86,-2.7,10.5,0.9,-2.7,5.2,1.04
2018-03-31,-1.3,0.0,2.41,-2.3,0.0,2.35,-2.8,0.0,2.45
2018-04-01,2.1,0.0,3.1,1.7,0.0,2.95,0.4,0.0,2.84
2018-04-02,3.3,10.4,2.97,2.6,10.8,2.87,1.5,8.8,2.65
2018-04-03,-3.9,5.7,1.31,-5.3,7.4,1.22,-5.9,3.4,1.25
2018-04-04,-3.6,0.0,2.57,-2.9,0.0,2.49,-4.5,0.0,2.44
2018-04-05,-0.0,0.0,2.82,0.8,0.0,2.74,-0.2,0.0,2.8
2018-04-06,2.5,0.0,3.39,3.3,0.0,3.38,2.5,0.0,3.2
2018-04-07,4.7,0.0,3.48,4.4,0.0,3.39,5.1,0.0,3.35
2018-04-08,5.5,0.0,3.34,6.3,0.2,3.28,5.5,0.0,3.27
2018-04-09,6.4,1.0,3.57,5.6,1.1,3.3,4.3,1.6,3.23
2018-04-10,6.0,0.0,3.45,5.4,0.1,3.16,3.2,0.2,2.97
2018-04-11,4.9,3.5,2.82,4.2,3.0,2.86,3.2,1.9,2.84
2018-04-12,4.9,2.4,2.79,3.5,0.5,2.81,3.0,0.3,2.71
2018-04-13,5.4,2.3,2.08,3.3,4.6,2.14,1.8,1.4,2.09
2018-04-14,2.8,2.1,2.11,0.6,4.2,1.97,-0.8,4.3,1.83
2018-04-15,0.1,0.2,1.75,-1.9,0.1,1.83,-3.0,0.0,2.04
2018-04-16,1.7,0.0,2.98,0.4,0.0,3.06,-1.3,0.0,3.16
2018-04-17,4.2,0.0,3.3,2.8,0.0,3.09,0.9,0.0,3.25
2018-04-18,6.4,0.0,3.68,6.0,0.0,3.56,4.5,0.0,3.61
2018-04-19,4.2,1.1,2.44,4.0,1.9,2.59,2.6,1.2,2.7
2018-04-20,0.3,6.4,1.3,-1.3,6.4,1.51,-1.9,2.0,1.75
2018-04-21,-2.4,12.2,1.47,-3.9,13.2,1.4,-4.5,6.6,1.47
2018-04-22,-1.3,0.3,2.11,-2.7,0.4,2.04,-3.3,0.0,2.34
2018-04-23,1.2,4.5,2.26,-0.1,2.7,2.05,-1.3,3.8,2.01
2018-04-24,2.7,1.0,2.88,1.8,1.7,2.97,0.9,1.6,2.97
2018-04-25,6.3,0.5,3.46,4.6,0.2,3.34,4.5,0.0,3.29
2018-04-26,7.5,0.4,3.63,6.4,0.0,3.56,5.2,0.0,3.63
2018-04-27,8.7,5.0,3.55,6.6,1.8,3.56,5.7,0.4,3.58
2018-04-28,6.3,0.1,2.72,3.5,0.3,2.61,1.9,0.0,2.43
2018-04-29,6.1,1.2,2.71,3.1,0.3,2.74,2.4,0.0,2.84
2018-04-30,7.3,3.4,3.32,4.4,0.2,3.33,3.6,1.2,3.5
2018-05-01,9.4,3.0,3.74,5.8,1.6,3.55,4.3,0.7,3.54
2018-05-02,9.3,5.3,3.34,5.9,2.1,3.08,4.1,1.2,3.14
2018-05-03,9.4,4.7,3.54,7.1,1.9,3.53,4.6,0.8,3.5
2018-05-04,9.2,13.8,2.8,7.5,13.8,2.73,5.7,7.8,2.91
2018-05-05,10.2,2.5,3.44,8.4,2.8,3.36,5.3,2.2,3.09
2018-05-06,9.4,6.1,2.63,7.1,7.8,2.56,5.1,6.6,2.51
2018-05-07,9.4,2.2,3.17,7.4,6.2,2.97,5.6,4.6,2.66
2018-05-08,7.8,2.4,2.35,6.2,2.8,2.32,5.4,4.3,2.57
2018-05-09,6.6,3.1,2.21,5.0,6.9,2.1,4.0,4.8,2.14
2018-05-10,6.6,9.6,1.61,4.9,8.0,1.56,3.9,6.6,1.58
2018-05-11,5.6,9.4,1.72,4.0,7.4,1.61,3.3,5.7,1.63
2018-05-12,3.2,7.2,1.01,1.8,8.5,1.14,1.6,3.6,1.44
2018-05-13,1.9,3.3,1.07,1.6,5.7,1.31,2.1,6.4,1.6
2018-05-14,5.0,4.5,1.93,3.8,9.5,1.96,3.6,7.0,2.19
2018-05-15,6.0,1.3,2.56,4.4,2.2,2.45,3.9,6.3,2.54
2018-05-16,7.9,4.5,3.53,6.5,4.7,3.43,5.6,4.3,3.41
2018-05-17,9.0,1.3,3.89,7.8,1.4,3.75,6.6,1.8,3.67
2018-05-18,10.3,0.0,4.1,9.3,0.5,4.04,8.9,0.0,3.9
2018-05-19,10.9,5.8,2.93,9.7,6.5,2.79,8.6,3.1,2.66
2018-05-20,10.6,2.8,3.16,9.2,6.8,3.13,8.3,1.8,3.11
2018-05-21,8.3,3.3,1.42,7.0,7.3,1.51,6.5,4.7,1.77
2018-05-22,9.6,5.1,3.36,8.5,7.8,3.44,7.8,3.2,3.56
2018-05-23,10.1,14.0,2.61,9.0,23.6,2.82,8.1,18.1,3.04
2018-05-24,9.4,18.5,1.9,8.4,19.5,2.0,7.8,18.3,2.17
2018-05-25,10.5,3.0,3.16,9.2,8.1,2.87,8.4,3.2,3.01
2018-05-26,12.1,1.3,3.81,11.1,1.6,3.8,10.4,1.2,4.18
2018-05-27,13.3,2.0,4.31,11.5,2.8,4.13,10.3,0.0,3.93
2018-05-28,13.2,4.1,3.99,12.1,4.1,3.9,10.9,2.3,3.92
2018-05-29,10.3,30.0,1.54,9.3,36.1,1.82,8.5,11.2,2.09
2018-05-30,10.9,1.6,3.26,10.1,3.8,3.34,9.3,1.2,3.47
2018-05-31,9.6,6.9,2.33,8.6,5.9,2.57,8.1,5.7,2.99
2018-06-01,8.3,11.5,1.98,7.0,10.9,1.99,6.7,3.8,2.23
2018-06-02,7.4,4.3,2.24,6.4,5.1,2.29,6.1,5.1,2.53
2018-06-03,8.8,2.5,2.52,8.1,8.3,2.78,8.1,5.4,3.64
2018-06-04,9.5,7.9,2.11,8.3,11.5,2.1,7.5,10.5,2.33
2018-06-05,10.3,1.3,3.88,9.0,6.4,3.74,8.0,0.8,3.87
2018-06-06,11.7,1.2,4.01,10.5,2.4,3.97,9.4,1.0,3.76
2018-06-07,11.1,1.8,3.47,9.8,4.6,3.28,9.3,2.8,3.34
2018-06-08,9.8,5.4,2.86,8.8,8.7,2.75,8.2,3.0,2.91
2018-06-09,9.2,0.3,3.85,8.1,0.7,3.9,7.5,0.0,4.18
2018-06-10,10.2,0.1,4.26,9.2,0.3,4.26,8.3,0.0,4.39
2018-06-11,10.5,0.3,3.56,9.0,0.9,3.44,8.7,0.5,3.75
2018-06-12,9.3,5.1,2.48,8.2,4.2,2.54,8.0,1.9,2.82
2018-06-13,12.3,1.2,3.48,11.7,4.2,3.6,11.3,1.6,4.0
2018-06-14,14.6,5.2,4.32,13.3,4.4,4.24,12.0,1.3,4.25
2018-06-15,13.1,7.9,3.64,12.1,7.7,3.59,11.0,3.6,3.54
2018-06-16,11.5,5.0,2.81,10.2,21.8,2.71,9.5,5.1,2.61
2018-06-17,12.4,1.5,3.95,11.1,3.4,3.84,10.7,2.4,3.79
2018-06-18,10.8,10.1,2.74,9.9,16.2,2.81,9.3,5.9,2.96
2018-06-19,10.4,4.8,2.84,9.4,3.3,2.97,9.1,2.7,3.3
2018-06-20,11.6,4.6,2.76,10.4,11.9,2.81,9.9,7.6,3.09
2018-06-21,11.6,6.5,3.22,10.5,13.7,3.21,10.0,10.8,3.56
2018-06-22,12.0,11.5,3.07,11.0,22.5,2.97,10.4,13.4,3.29
2018-06-23,11.6,14.5,2.96,10.5,13.0,2.93,9.9,5.2,3.04
2018-06-24,11.4,6.1,2.59,10.3,4.4,2.77,10.0,2.7,2.91
2018-06-25,12.7,5.1,2.32,11.8,4.3,2.65,12.0,7.0,3.17
2018-06-26,14.1,2.5,2.74,13.5,5.9,3.17,13.6,0.9,3.72
2018-06-27,16.2,1.8,4.39,15.4,3.1,4.35,14.9,1.2,4.4
2018-06-28,17.8,2.8,5.02,16.9,0.6,4.98,16.1,0.1,5.02
2018-06-29,17.0,2.1,3.75,17.0,0.2,4.37,17.5,0.5,5.04
2018-06-30,17.2,0.8,4.57,17.1,0.0,5.16,17.9,0.0,6.29
2018-07-01,16.3,6.3,3.58,14.8,7.6,4.16,15.4,0.3,5.32
2018-07-02,14.4,11.2,2.57,14.0,5.6,3.08,14.5,0.7,3.88
2018-07-03,13.4,7.0,2.28,13.2,2.8,2.83,14.1,0.0,3.46
2018-07-04,12.0,5.7,2.07,12.2,1.5,2.62,13.3,0.0,3.24
2018-07-05,10.3,9.0,1.82,9.9,3.1,2.26,10.4,0.2,2.51
2018-07-06,10.1,8.6,1.56,9.2,4.8,1.78,9.2,0.9,1.89
2018-07-07,10.3,4.3,1.76,9.4,3.0,1.91,9.3,0.5,2.02
2018-07-08,13.2,0.9,3.43,12.7,1.4,3.79,13.1,0.0,4.36
2018-07-09,16.3,0.1,4.93,16.0,2.7,4.96,15.4,0.1,5.1
2018-07-10,18.5,1.4,4.62,18.3,2.4,5.16,18.7,0.0,5.73
2018-07-11,17.3,1.0,3.45,17.8,0.7,4.33,18.2,0.0,5.04
2018-07-12,14.9,3.9,3.14,15.1,2.6,3.69,16.0,0.1,4.27
2018-07-13,14.2,24.5,2.62,13.1,15.1,2.93,13.4,3.9,3.07
2018-07-14,12.6,27.2,1.64,11.7,19.4,1.82,11.5,13.5,2.05
2018-07-15,10.7,32.6,0.97,9.3,33.8,0.9,8.6,27.0,0.91
2018-07-16,10.0,0.8,3.21,8.7,1.5,3.18,8.3,0.0,3.51
2018-07-17,10.6,1.9,3.36,9.2,1.4,3.46,9.0,0.0,3.78
2018-07-18,12.8,0.4,4.21,11.8,1.6,4.21,11.0,1.5,4.28
2018-07-19,13.7,1.8,3.83,13.3,4.5,3.92,12.7,0.6,4.23
2018-07-20,12.9,8.4,2.8,11.8,7.5,2.99,11.8,3.9,3.2
2018-07-21,11.9,3.0,3.1,10.8,3.9,3.08,10.6,1.5,3.43
2018-07-22,11.3,7.3,1.83,10.1,7.4,1.98,10.1,1.9,2.11
2018-07-23,12.0,6.4,2.55,10.8,8.3,2.58,10.5,3.4,2.78
2018-07-24,14.5,0.8,4.68,14.0,0.9,4.69,13.6,0.0,4.82
2018-07-25,18.7,0.0,5.46,17.7,0.0,5.57,17.3,0.0,5.81
2018-07-26,17.6,1.5,4.55,16.1,1.7,4.93,16.5,0.0,5.51
2018-07-27,15.7,3.4,3.56,15.6,3.1,3.93,15.6,0.1,4.87
2018-07-28,14.7,7.8,2.68,14.3,6.1,3.14,14.9,0.8,3.7
2018-07-29,14.8,5.6,2.45,14.3,5.3,2.9,14.9,0.8,3.62
2018-07-30,15.5,3.5,2.94,15.2,4.5,3.35,15.9,0.6,3.87
2018-07-31,15.7,4.3,2.62,15.4,2.8,3.04,16.0,0.2,3.77
2018-08-01,15.4,6.9,1.97,14.6,5.5,2.36,15.0,1.7,2.86
2018-08-02,14.3,8.8,2.31,13.1,9.6,2.28,13.0,2.2,2.48
2018-08-03,13.0,8.5,2.01,11.9,9.7,2.02,11.4,3.2,2.35
2018-08-04,12.7,0.4,3.21,10.8,1.2,2.94,10.0,1.3,2.97
2018-08-05,12.2,1.4,2.9,11.2,2.0,3.05,11.1,0.2,3.34
2018-08-06,13.6,3.6,2.49,13.0,4.3,2.74,13.3,3.7,3.35
2018-08-07,13.5,9.5,1.95,12.7,4.0,2.32,13.0,1.1,2.8
2018-08-08,13.0,16.0,1.89,12.1,14.4,2.03,12.1,6.0,2.33
2018-08-09,12.5,5.0,2.6,10.8,6.8,2.58,10.0,5.1,2.54
2018-08-10,12.3,6.5,2.88,10.5,7.3,2.71,10.2,0.7,2.99
2018-08-11,10.9,2.0,2.68,10.0,0.6,2.91,10.2,0.0,3.4
2018-08-12,10.5,8.7,1.83,9.6,9.3,1.97,9.6,2.2,2.06
2018-08-13,9.8,4.6,2.06,8.7,2.0,2.34,8.8,0.2,2.84
2018-08-14,10.2,5.4,1.96,9.1,1.9,2.24,9.4,0.2,2.67
2018-08-15,12.5,1.1,2.76,12.1,0.8,3.12,12.5,0.0,3.81
2018-08-16,15.9,0.3,3.28,15.2,0.1,3.59,15.6,0.0,4.25
2018-08-17,14.9,1.5,3.22,14.4,1.7,3.53,14.5,0.0,3.86
2018-08-18,12.9,2.4,2.92,11.8,3.1,2.96,11.8,0.5,3.25
2018-08-19,11.6,6.4,1.82,10.3,3.7,1.99,10.1,1.7,1.98
2018-08-20,12.9,6.1,2.79,11.9,4.6,2.83,11.6,2.8,3.17
2018-08-21,13.9,4.0,2.21,13.2,5.8,2.51,13.0,1.3,2.9
2018-08-22,12.8,8.3,1.82,11.8,6.1,2.09,11.7,4.4,2.35
2018-08-23,12.5,2.2,2.67,11.7,1.4,2.9,12.0,0.4,3.34
2018-08-24,15.1,0.3,2.71,15.4,0.0,3.03,15.3,0.5,3.77
2018-08-25,15.8,0.3,3.53,15.0,0.9,3.64,14.5,0.0,4.02
2018-08-26,16.2,0.0,4.17,15.2,0.0,4.24,14.1,0.0,4.61
2018-08-27,15.0,0.0,3.74,14.6,0.0,3.9,14.4,0.0,4.22
2018-08-28,15.1,0.0,3.79,15.6,0.0,3.93,15.2,0.5,4.12
2018-08-29,16.7,1.3,3.71,16.4,2.2,3.89,16.5,1.6,4.01
2018-08-30,16.0,0.6,2.9,15.0,0.5,3.26,15.8,0.0,4.22
2018-08-31,14.1,8.2,2.23,13.2,10.9,2.44,13.3,2.9,2.84
2018-09-01,13.2,5.3,2.09,12.0,6.3,2.28,12.2,1.2,2.7
2018-09-02,12.8,1.8,2.93,12.2,2.6,3.0,12.0,0.0,3.23
2018-09-03,12.3,3.8,2.25,11.5,1.8,2.36,11.6,0.9,2.75
2018-09-04,13.6,0.7,2.33,12.7,1.9,2.53,13.0,0.3,3.13
2018-09-05,14.4,0.0,3.98,14.7,0.0,4.03,13.3,0.0,4.06
2018-09-06,15.6,9.6,4.03,16.2,7.9,4.11,14.9,2.4,4.28
2018-09-07,11.5,9.3,1.88,10.8,11.2,2.03,9.7,9.2,2.22
2018-09-08,9.4,3.3,2.21,9.0,4.5,2.3,8.0,1.1,2.52
2018-09-09,9.4,4.9,2.34,8.5,6.8,2.4,7.9,3.6,2.55
2018-09-10,9.5,11.9,1.61,8.5,26.1,1.8,8.1,9.0,2.08
2018-09-11,8.6,8.4,1.74,7.7,7.7,1.85,7.2,3.0,1.93
2018-09-12,11.0,2.7,2.79,9.8,6.5,2.93,10.2,0.0,3.16
2018-09-13,15.8,0.1,4.15,14.7,0.3,4.05,14.0,0.1,4.12
2018-09-14,15.6,5.2,3.02,14.2,7.7,2.9,13.2,7.2,2.9
2018-09-15,11.3,7.3,2.24,10.3,8.7,2.33,9.5,1.6,2.39
2018-09-16,9.6,3.0,2.15,8.3,4.7,2.12,7.4,1.1,2.24
2018-09-17,8.5,4.2,1.58,7.0,5.9,1.56,6.4,1.4,1.68
2018-09-18,8.0,5.5,1.43,6.7,6.8,1.66,6.6,1.1,1.79
2018-09-19,7.7,0.5,1.53,7.0,0.0,1.71,7.4,0.0,2.23
2018-09-20,9.4,0.0,2.06,9.3,0.0,2.25,9.8,0.3,3.06
2018-09-21,11.5,0.2,2.02,11.3,2.3,2.32,11.1,0.9,2.82
2018-09-22,11.0,0.1,2.2,10.0,2.9,2.29,9.2,2.9,2.66
2018-09-23,10.1,1.0,2.19,9.3,1.5,2.24,8.6,0.3,2.44
2018-09-24,10.5,0.0,3.07,10.5,0.0,3.05,9.0,0.0,3.09
2018-09-25,11.7,6.2,3.09,10.7,3.6,2.95,11.3,0.6,3.2
2018-09-26,6.0,26.0,0.8,4.8,16.0,0.94,4.7,3.8,1.06
2018-09-27,5.2,2.2,1.17,4.8,0.0,1.49,5.3,0.0,1.68
2018-09-28,9.0,0.2,2.0,9.6,0.0,2.25,10.4,0.0,3.02
2018-09-29,11.1,1.0,2.43,10.9,1.2,2.42,9.9,0.4,2.51
2018-09-30,11.1,0.5,2.35,11.7,1.9,2.45,10.3,0.1,2.53
2018-10-01,12.6,1.0,2.77,11.7,1.7,2.76,10.6,0.7,2.67
2018-10-02,11.6,1.4,2.65,10.6,1.3,2.57,9.5,2.7,2.5
2018-10-03,9.3,0.9,2.23,8.8,1.8,2.29,7.8,0.1,2.28
2018-10-04,8.0,19.4,1.96,8.2,18.9,2.07,7.2,6.0,2.16
2018-10-05,2.7,15.8,0.57,1.3,13.6,0.69,0.7,5.5,0.71
2018-10-06,3.0,0.1,1.26,2.1,0.0,1.46,2.3,0.0,1.91
2018-10-07,9.0,0.0,2.94,8.2,0.4,2.94,7.5,0.0,2.95
2018-10-08,11.0,0.7,2.75,9.6,1.7,2.51,8.2,0.0,2.42
2018-10-09,9.7,7.2,1.71,8.5,4.6,1.72,7.6,5.5,1.82
2018-10-10,9.2,3.5,1.49,7.9,2.7,1.55,7.0,1.3,1.84
2018-10-11,8.3,5.7,1.61,7.2,5.6,1.68,6.6,1.7,1.88
2018-10-12,8.6,1.6,1.53,7.7,2.5,1.62,7.3,1.9,1.93
2018-10-13,10.1,3.3,1.82,9.3,2.8,1.92,7.9,2.4,2.22
2018-10-14,9.8,1.6,1.73,8.6,1.7,1.81,8.2,0.0,2.08
2018-10-15,10.4,0.0,1.99,9.4,0.3,2.12,9.1,0.0,2.3
2018-10-16,10.4,0.0,2.32,10.5,0.0,2.39,9.8,1.2,2.35
2018-10-17,10.6,0.1,2.36,9.7,0.5,2.38,8.8,0.0,2.49
2018-10-18,10.0,0.1,2.46,9.2,0.0,2.36,8.3,0.0,2.46
2018-10-19,9.4,1.3,2.2,10.5,3.1,2.16,8.7,2.8,2.12
2018-10-20,8.4,4.7,1.61,6.7,6.2,1.54,5.4,0.5,1.49
2018-10-21,8.4,0.0,1.56,6.8,0.7,1.49,5.3,0.8,1.35
2018-10-22,6.9,3.4,1.18,5.8,2.1,1.19,4.7,1.0,1.29
2018-10-23,6.8,1.9,1.49,5.6,0.5,1.44,4.1,1.4,1.37
2018-10-24,8.4,0.3,1.65,6.8,0.4,1.37,4.7,1.9,0.95
2018-10-25,5.9,33.7,0.91,4.1,38.6,0.67,3.2,33.6,0.45
2018-10-26,-2.6,35.6,0.45,-4.0,36.0,0.39,-4.7,25.9,0.41
2018-10-27,-0.8,5.5,1.48,-1.9,9.3,1.37,-3.4,7.7,1.41
2018-10-28,0.9,0.0,2.08,3.9,0.0,1.91,2.8,0.0,2.05
2018-10-29,2.5,0.0,2.2,7.3,0.0,1.99,5.6,0.0,2.06
2018-10-30,3.6,0.0,2.24,9.0,0.0,2.09,7.3,0.0,2.22
2018-10-31,5.7,0.0,2.07,7.7,0.0,1.83,5.4,0.0,2.03
2018-11-01,4.9,0.0,1.81,5.8,0.0,1.71,3.5,0.0,1.79
2018-11-02,2.1,0.0,1.59,1.4,0.0,1.56,0.2,0.0,1.57
2018-11-03,1.4,0.0,1.41,0.9,0.0,1.3,-2.3,0.0,1.36
2018-11-04,2.3,0.6,1.3,2.9,0.0,1.42,1.9,0.0,1.48
2018-11-05,2.6,2.0,0.55,1.0,0.3,0.71,0.2,0.0,0.82
2018-11-06,2.0,3.8,0.45,0.2,1.3,0.54,-0.6,0.0,0.65
2018-11-07,1.8,0.0,1.16,-0.7,0.0,1.11,-1.4,0.0,1.26
2018-11-08,1.7,0.2,1.34,0.1,0.0,1.32,0.0,0.0,1.41
2018-11-09,1.2,0.3,1.32,0.3,0.2,1.27,-0.7,0.0,1.35
2018-11-10,1.5,0.0,1.42,1.6,0.0,1.48,0.5,0.0,1.45
2018-11-11,1.9,0.9,1.07,1.5,0.8,1.05,1.0,0.0,1.09
2018-11-12,1.5,0.8,0.83,-0.1,1.6,0.82,-1.1,0.2,0.92
2018-11-13,-0.8,4.5,0.44,-2.4,3.6,0.48,-2.7,1.3,0.65
2018-11-14,-4.1,18.7,0.27,-5.1,19.5,0.3,-5.2,18.6,0.35
2018-11-15,-3.8,10.0,0.89,-5.1,9.5,0.81,-6.9,9.4,0.74
2018-11-16,-2.3,8.9,0.79,-3.1,11.7,0.76,-4.1,13.6,0.7
2018-11-17,-5.9,0.1,1.04,-6.3,0.3,1.0,-8.8,0.3,0.86
2018-11-18,-5.3,0.5,0.77,-5.0,0.5,0.64,-6.6,0.5,0.65
2018-11-19,-2.0,0.0,1.24,-1.5,0.0,1.15,-5.2,0.0,0.98
2018-11-20,0.2,0.6,0.91,1.3,3.0,0.76,-0.5,1.6,0.8
2018-11-21,0.7,1.3,0.62,0.9,1.9,0.52,-1.2,2.5,0.57
2018-11-22,1.5,2.1,0.69,0.4,3.9,0.62,-0.9,3.5,0.53
2018-11-23,-1.6,8.1,0.31,-2.9,7.1,0.31,-3.3,2.2,0.35
2018-11-24,-2.5,0.3,0.72,-3.6,0.0,0.74,-4.5,0.0,0.92
2018-11-25,-2.7,0.0,0.77,-3.2,0.4,0.72,-4.2,0.5,0.83
2018-11-26,-2.6,0.0,1.08,-3.9,0.0,1.04,-6.6,0.0,0.8
2018-11-27,0.3,1.0,0.79,-0.7,1.3,0.68,-3.6,1.6,0.49
2018-11-28,2.3,0.9,0.79,1.0,0.8,0.65,-0.9,1.0,0.44
2018-11-29,3.0,0.1,0.77,1.8,0.5,0.62,0.3,0.5,0.51
2018-11-30,2.9,1.7,0.66,2.4,1.6,0.61,0.8,2.1,0.52
2018-12-01,1.1,30.5,0.26,0.2,34.4,0.28,-0.5,30.5,0.31
2018-12-02,-1.4,0.3,0.79,-2.3,0.1,0.7,-3.8,0.0,0.77
2018-12-03,-2.8,0.0,1.15,-2.4,0.0,1.03,-5.6,0.0,0.91
2018-12-04,0.2,1.1,1.04,0.3,2.0,0.96,-3.0,0.6,0.86
2018-12-05,0.7,0.1,0.73,0.5,0.0,0.6,-1.0,0.2,0.51
2018-12-06,-1.2,2.0,0.49,-2.1,0.8,0.5,-3.3,0.2,0.65
2018-12-07,-2.4,1.9,0.42,-3.7,1.3,0.46,-4.4,0.1,0.62
2018-12-08,-4.9,6.9,0.28,-5.6,6.8,0.26,-5.5,7.0,0.26
2018-12-09,-4.4,0.0,0.92,-4.7,0.0,0.88,-7.2,0.0,0.7
2018-12-10,-0.5,0.1,0.74,-1.9,0.5,0.58,-4.3,0.4,0.35
2018-12-11,1.2,6.5,0.75,-0.2,8.2,0.55,-2.1,11.0,0.31
2018-12-12,-2.8,14.6,0.37,-3.9,16.1,0.31,-4.1,14.6,0.34
2018-12-13,-7.1,2.3,0.63,-8.3,1.4,0.55,-10.2,2.3,0.52
2018-12-14,-7.5,0.9,0.49,-9.0,1.7,0.39,-11.7,1.5,0.28
2018-12-15,-2.8,0.1,0.76,-4.3,0.2,0.67,-7.2,0.3,0.56
2018-12-16,-1.8,0.0,0.9,-3.1,0.0,0.83,-5.8,0.0,0.66
2018-12-17,-0.7,0.2,0.85,-1.6,0.2,0.76,-4.8,0.4,0.58
2018-12-18,-2.4,0.1,0.81,-3.1,0.3,0.74,-5.6,0.1,0.63
2018-12-19,-0.2,0.4,0.59,-1.4,0.8,0.51,-3.6,0.7,0.36
2018-12-20,-0.3,11.8,0.69,-1.5,9.3,0.65,-2.7,8.2,0.68
2018-12-21,-2.1,8.7,0.36,-3.6,10.1,0.33,-4.4,6.0,0.37
2018-12-22,-4.5,0.0,0.55,-5.7,0.0,0.48,-7.1,0.0,0.5
2018-12-23,-4.3,0.2,0.86,-5.8,0.2,0.79,-8.0,0.3,0.65
2018-12-24,-5.4,10.3,0.37,-6.6,12.5,0.31,-8.2,8.9,0.3
2018-12-25,-3.2,0.8,0.84,-4.5,1.2,0.69,-7.4,1.2,0.34
2018-12-26,-5.3,24.0,0.23,-5.6,24.7,0.22,-5.0,23.1,0.24
2018-12-27,-7.9,15.3,0.27,-8.3,17.1,0.24,-7.9,17.7,0.25
2018-12-28,-8.8,10.7,0.26,-10.6,11.0,0.22,-11.4,7.2,0.25
2018-12-29,-11.0,0.0,0.67,-9.0,0.0,0.73,-12.4,0.0,0.58
2018-12-30,-8.0,1.3,0.56,-8.2,1.5,0.53,-10.3,1.7,0.4
2018-12-31,-7.4,7.4,0.32,-8.5,6.9,0.27,-9.5,5.4,0.3
2019-01-01,-8.7,0.1,0.65,-9.4,0.1,0.65,-11.8,0.1,0.53
2019-01-02,-4.1,0.0,0.82,-5.1,0.0,0.66,-7.9,0.0,0.43
2019-01-03,-2.0,0.1,0.91,-3.5,0.8,0.77,-5.7,0.2,0.61
2019-01-04,-1.6,3.8,0.83,-3.1,5.0,0.6,-4.9,5.1,0.37
2019-01-05,-2.3,11.4,0.61,-3.5,10.9,0.43,-4.3,10.2,0.33
2019-01-06,-2.5,1.3,0.69,-4.0,1.2,0.56,-5.8,1.5,0.43
2019-01-07,-6.0,5.7,0.49,-7.5,5.5,0.4,-8.6,8.0,0.41
2019-01-08,-6.1,4.1,0.58,-7.1,6.0,0.5,-8.6,6.3,0.41
2019-01-09,-8.9,18.9,0.29,-10.4,19.9,0.23,-11.5,15.4,0.23
2019-01-10,-8.7,0.0,1.04,-8.7,0.0,1.06,-13.4,0.0,0.73
2019-01-11,-6.9,0.0,1.08,-5.2,0.0,1.1,-12.0,0.0,0.78
2019-01-12,-6.9,0.0,1.06,-6.0,0.0,1.06,-10.5,0.0,0.82
2019-01-13,-6.3,0.1,0.65,-7.0,0.7,0.53,-9.5,0.7,0.37
2019-01-14,-6.1,0.0,0.8,-6.8,0.0,0.7,-9.5,0.0,0.5
2019-01-15,-2.7,1.4,0.96,-4.5,1.8,0.69,-6.5,1.9,0.42
2019-01-16,-3.2,2.7,0.83,-4.3,3.5,0.68,-5.1,2.8,0.51
2019-01-17,-10.0,19.3,0.24,-11.5,17.9,0.22,-12.4,14.1,0.23
2019-01-18,-10.0,0.9,0.87,-9.4,0.6,0.74,-11.4,0.6,0.75
2019-01-19,-7.9,0.0,1.24,-3.6,0.0,1.15,-7.0,0.0,1.02
2019-01-20,-9.6,0.0,1.07,-6.5,0.0,0.96,-9.8,0.0,0.9
2019-01-21,-9.2,0.0,1.04,-6.9,0.0,1.02,-12.0,0.0,0.81
2019-01-22,-8.6,0.2,0.77,-8.0,0.3,0.61,-9.8,0.2,0.63
2019-01-23,-6.1,0.0,0.84,-6.4,0.0,0.78,-10.2,0.0,0.59
2019-01-24,-2.9,0.2,0.92,-4.5,0.2,0.72,-6.7,0.3,0.44
2019-01-25,-1.8,1.5,1.02,-3.3,2.7,0.81,-5.3,3.2,0.59
2019-01-26,-1.5,0.0,0.96,-3.4,0.0,0.69,-5.4,0.0,0.45
2019-01-27,-0.6,0.9,1.13,-2.6,0.8,0.89,-4.0,1.9,0.65
2019-01-28,-2.7,0.2,1.05,-3.9,0.2,1.0,-5.3,0.2,0.96
2019-01-29,-2.9,1.0,1.17,-3.8,0.3,1.13,-5.6,0.3,1.06
2019-01-30,-2.6,0.0,1.36,-2.8,0.0,1.36,-5.7,0.0,1.02
2019-01-31,-2.9,0.6,0.96,-4.4,0.7,0.82,-6.4,0.6,0.64
2019-02-01,-2.7,3.2,0.61,-4.2,4.0,0.51,-6.2,4.4,0.37
2019-02-02,-5.8,1.8,0.74,-7.2,3.2,0.58,-8.8,2.1,0.57
2019-02-03,-4.3,0.5,1.2,-5.0,0.4,1.08,-6.5,0.6,1.07
2019-02-04,-5.0,0.0,1.52,-0.7,0.0,1.51,-4.1,0.0,1.48
2019-02-05,-2.1,0.0,1.87,-1.2,0.0,1.69,-5.4,0.0,1.64
2019-02-06,0.2,1.5,2.07,0.9,1.8,2.03,-3.5,1.1,1.6
2019-02-07,-0.1,4.9,0.91,-1.3,5.5,0.71,-3.8,7.1,0.55
2019-02-08,-1.4,1.2,1.2,-2.7,1.6,1.06,-5.2,1.8,0.83
2019-02-09,-3.0,0.8,0.83,-4.1,1.3,0.82,-5.1,0.3,0.98
2019-02-10,-3.9,2.8,0.56,-5.3,2.8,0.52,-5.8,2.5,0.62
2019-02-11,-4.7,0.2,1.17,-6.2,0.0,1.04,-7.6,0.0,1.06
2019-02-12,-4.6,0.0,1.61,-4.4,0.0,1.51,-8.4,0.0,1.36
2019-02-13,-4.7,0.0,1.67,-4.0,0.0,1.52,-5.7,0.0,1.46
2019-02-14,-5.3,0.1,1.34,-5.7,0.1,1.34,-6.9,0.2,1.28
2019-02-15,-5.8,4.3,0.58,-7.0,4.3,0.5,-8.0,4.1,0.64
2019-02-16,-6.1,1.8,0.58,-7.9,2.1,0.5,-8.6,0.9,0.58
2019-02-17,-6.8,0.4,0.92,-8.1,0.4,0.84,-9.4,0.2,0.9
2019-02-18,-4.3,1.6,0.92,-5.5,2.8,0.69,-7.8,2.1,0.71
2019-02-19,-7.5,5.9,0.66,-8.9,6.5,0.66,-9.8,3.6,0.71
2019-02-20,-7.0,0.0,1.73,-5.1,0.0,1.7,-7.5,0.0,1.57
2019-02-21,-6.7,0.0,1.36,-6.7,0.0,1.28,-7.0,0.0,1.22
2019-02-22,-5.9,0.8,1.22,-6.2,1.0,1.1,-7.7,0.6,1.06
2019-02-23,-4.1,0.0,1.47,-4.9,0.0,1.33,-7.7,0.0,1.17
2019-02-24,-5.0,0.1,0.97,-6.1,0.0,0.93,-6.2,0.0,1.24
2019-02-25,-5.2,0.0,0.93,-6.6,0.0,0.94,-6.8,0.0,1.21
2019-02-26,-4.2,1.6,1.5,-5.0,1.3,1.37,-6.1,1.6,1.39
2019-02-27,-6.8,6.1,0.59,-8.2,6.2,0.5,-8.8,3.7,0.54
2019-02-28,-9.3,16.4,0.51,-10.8,15.2,0.41,-11.8,8.7,0.47
2019-03-01,-8.6,1.4,0.85,-9.6,2.2,0.61,-11.5,2.3,0.63
2019-03-02,-4.9,3.3,1.12,-6.2,5.6,0.85,-8.2,7.5,0.69
2019-03-03,-6.4,11.1,0.73,-7.9,12.1,0.7,-8.6,8.1,0.94
2019-03-04,-4.9,0.0,1.74,-5.8,0.0,1.51,-6.6,0.0,1.47
2019-03-05,-4.6,0.0,1.64,-4.0,0.0,1.6,-7.0,0.0,1.39
2019-03-06,-3.7,0.0,1.72,-3.5,0.1,1.63,-5.6,0.8,1.49
2019-03-07,-5.8,25.2,0.46,-7.0,28.2,0.39,-8.0,20.4,0.38
2019-03-08,-6.6,0.0,1.75,-7.0,0.0,1.73,-7.4,0.0,1.77
2019-03-09,-3.8,0.0,2.47,-1.3,0.0,2.49,-2.5,0.0,2.29
2019-03-10,-2.0,0.0,2.26,-1.4,1.3,2.1,-1.6,0.0,2.1
2019-03-11,-0.5,0.6,1.62,-1.3,1.3,1.42,-3.2,1.1,1.29
2019-03-12,1.5,0.1,2.13,0.4,0.1,1.89,-1.8,0.3,1.69
2019-03-13,1.4,4.8,1.36,-0.1,5.3,1.07,-1.1,7.7,0.99
2019-03-14,0.8,2.5,1.52,0.4,3.2,1.43,-0.7,2.7,1.49
2019-03-15,1.4,0.2,1.73,0.2,0.6,1.43,-2.1,2.4,1.05
2019-03-16,-0.5,3.6,1.32,-1.6,4.8,1.12,-2.8,11.1,1.1
2019-03-17,-4.7,15.8,0.53,-5.9,17.5,0.46,-7.1,11.6,0.5
2019-03-18,-7.3,0.0,1.79,-8.6,0.0,1.62,-10.6,0.0,1.56
2019-03-19,-6.2,0.0,2.14,-6.1,0.0,2.11,-8.0,0.0,1.99
2019-03-20,-1.9,0.0,2.23,-0.5,0.0,2.2,-3.6,0.0,2.08
2019-03-21,-3.3,0.0,1.5,-4.2,0.0,1.48,-5.1,0.0,1.84
2019-03-22,-5.4,0.7,1.06,-6.9,0.6,0.99,-8.1,0.0,1.04
2019-03-23,-4.6,4.7,1.5,-6.0,4.6,1.37,-6.8,6.8,1.49
2019-03-24,-8.5,14.6,0.65,-9.9,14.2,0.56,-11.1,9.9,0.58
2019-03-25,-8.4,0.1,0.92,-9.4,0.0,0.92,-9.6,0.0,1.12
2019-03-26,-1.5,0.0,2.1,-2.4,0.0,1.88,-3.4,0.0,1.85
2019-03-27,-1.9,0.0,1.91,-2.3,0.3,1.84,-3.1,0.1,1.91
2019-03-28,-5.3,2.0,0.8,-6.3,1.2,0.81,-6.6,0.3,1.01
2019-03-29,-7.1,6.2,0.76,-8.3,5.7,0.74,-8.8,4.8,0.84
2019-03-30,-6.8,4.7,1.12,-7.3,4.2,0.99,-7.4,3.9,1.3
2019-03-31,-0.4,0.6,1.61,-1.1,0.5,1.49,-1.9,0.8,1.54
2019-04-01,-0.6,0.0,1.94,-1.6,0.5,1.65,-2.4,2.8,1.89
2019-04-02,-2.4,8.5,0.84,-3.5,10.6,0.73,-3.6,9.6,0.81
2019-04-03,-2.9,0.4,1.39,-3.7,0.5,1.46,-3.9,0.3,1.8
2019-04-04,-1.7,10.1,1.19,-2.3,11.5,0.92,-2.8,9.5,0.91
2019-04-05,0.2,0.1,2.46,-0.7,0.0,2.41,-1.8,0.0,2.2
2019-04-06,0.5,0.0,2.05,0.1,0.6,1.81,-1.1,0.8,1.88
2019-04-07,1.7,0.0,2.9,1.1,0.4,2.85,0.7,0.0,2.87
2019-04-08,2.9,0.1,2.86,2.4,0.0,2.84,1.6,0.7,2.65
2019-04-09,4.0,0.0,2.86,3.2,0.0,2.64,1.5,0.0,2.36
2019-04-10,2.8,1.9,1.83,2.0,1.4,1.67,0.4,3.1,1.38
2019-04-11,1.7,0.0,2.5,0.8,0.4,2.25,-0.9,1.8,2.0
2019-04-12,0.8,2.9,1.88,0.1,1.7,1.86,-1.1,1.2,1.85
2019-04-13,1.6,0.1,2.82,2.0,0.0,2.77,0.6,0.0,2.82
2019-04-14,4.1,0.1,2.54,3.9,0.1,2.33,2.2,0.3,2.22
2019-04-15,4.2,5.5,2.24,2.7,6.2,2.07,1.7,6.6,2.01
2019-04-16,0.5,10.7,0.79,-0.8,11.5,0.78,-1.1,8.1,0.95
2019-04-17,-2.7,14.6,0.84,-3.8,12.1,0.79,-4.1,8.8,0.86
2019-04-18,-2.3,2.2,1.44,-3.2,1.7,1.41,-3.3,1.7,1.74
2019-04-19,-2.7,5.1,1.05,-3.7,4.6,0.94,-4.1,2.7,1.18
2019-04-20,-4.8,4.4,1.08,-5.8,5.4,1.02,-5.6,6.0,1.4
2019-04-21,-4.6,10.1,1.14,-5.0,9.7,1.16,-4.9,12.4,1.48
2019-04-22,-4.7,4.7,1.04,-6.1,3.0,0.95,-6.5,1.9,1.06
2019-04-23,-3.4,1.2,1.5,-4.8,0.4,1.33,-5.3,0.0,1.62
2019-04-24,-2.5,0.0,2.92,-3.4,0.0,2.78,-5.1,0.0,2.69
2019-04-25,-0.6,0.0,2.99,-1.9,0.0,2.84,-3.3,0.0,2.95
2019-04-26,1.4,1.0,3.41,0.9,0.1,3.38,-0.6,0.0,3.38
2019-04-27,3.2,0.0,3.45,2.3,0.0,3.26,1.8,0.0,3.37
2019-04-28,3.4,0.0,3.13,2.9,1.0,3.02,2.3,0.0,2.95
2019-04-29,3.2,5.4,2.33,2.6,4.8,2.22,1.5,4.3,2.1
2019-04-30,5.0,0.3,3.42,4.3,0.5,3.38,3.1,1.3,3.38
2019-05-01,7.2,0.8,3.49,5.5,0.0,3.33,3.7,2.6,3.23
2019-05-02,7.1,3.2,2.29,4.7,3.8,2.18,2.7,6.1,1.82
2019-05-03,3.6,4.6,1.69,2.0,5.2,1.94,1.1,2.2,2.0
2019-05-04,1.3,9.1,0.86,-0.0,9.7,1.07,-1.0,5.6,1.12
2019-05-05,5.3,0.1,3.67,3.2,0.0,3.47,1.2,0.0,3.37
2019-05-06,9.0,0.7,3.28,5.9,0.8,3.02,3.9,0.5,2.75
2019-05-07,9.7,0.2,3.78,6.4,0.0,3.51,4.6,0.0,3.33
2019-05-08,6.6,5.4,2.48,5.3,2.0,2.83,4.5,2.0,3.17
2019-05-09,2.9,2.0,1.71,1.3,1.5,2.16,1.5,0.0,3.11
2019-05-10,5.7,2.8,3.19,3.6,0.1,3.3,2.9,1.7,3.16
2019-05-11,6.2,2.0,2.95,3.5,1.4,3.0,3.1,0.2,2.92
2019-05-12,5.4,4.9,2.3,3.1,1.0,2.38,2.2,2.7,2.39
2019-05-13,5.8,0.3,3.29,3.1,0.0,3.36,3.0,0.0,3.59
2019-05-14,8.5,0.1,3.99,7.2,0.0,3.95,6.9,0.0,4.04
2019-05-15,11.6,0.0,4.86,11.6,0.0,4.81,9.6,0.0,4.51
2019-05-16,12.9,0.0,5.13,13.6,0.0,5.11,12.4,0.0,5.07
2019-05-17,13.3,2.6,4.62,12.3,2.8,4.64,10.7,0.0,4.61
2019-05-18,14.9,0.0,5.16,13.4,0.0,4.93,9.6,0.1,4.71
2019-05-19,10.3,3.2,3.9,8.7,1.8,4.06,6.7,0.0,4.15
2019-05-20,6.8,5.4,2.19,4.8,8.6,2.11,3.8,7.1,2.0
2019-05-21,9.0,0.2,4.43,7.4,0.0,4.23,5.8,0.0,4.22
2019-05-22,9.8,1.8,3.07,8.2,4.0,2.88,7.7,2.1,2.84
2019-05-23,9.2,15.7,1.55,7.6,15.5,1.39,6.9,13.8,1.54
2019-05-24,12.9,1.0,3.38,11.1,3.5,3.21,9.3,6.4,2.87
2019-05-25,11.9,4.6,3.74,10.8,4.3,3.77,9.9,1.7,3.73
2019-05-26,7.4,4.9,2.39,5.8,7.0,2.39,5.5,3.0,2.69
2019-05-27,8.0,0.4,3.52,6.5,0.2,3.5,5.6,0.0,3.68
2019-05-28,9.0,0.0,4.44,8.2,0.0,4.39,7.6,0.0,4.57
2019-05-29,11.3,0.0,5.39,12.4,0.0,5.29,10.9,0.0,5.29
2019-05-30,13.2,0.0,5.33,13.1,0.0,5.2,11.6,0.0,5.25
2019-05-31,13.1,0.0,4.84,12.6,0.4,4.93,12.1,1.2,5.01
2019-06-01,14.2,1.6,4.44,13.1,1.7,4.39,12.1,0.6,4.18
2019-06-02,16.5,0.2,4.59,14.8,0.5,4.46,13.6,0.3,4.16
2019-06-03,16.3,1.6,4.09,15.2,2.6,4.34,14.5,0.4,4.48
2019-06-04,14.8,1.7,3.63,14.1,2.3,3.81,13.9,1.8,3.86
2019-06-05,15.0,3.5,4.04,14.3,2.1,4.21,14.0,0.4,4.35
2019-06-06,15.3,2.3,3.74,13.8,2.1,3.83,13.5,1.2,4.37
2019-06-07,13.5,3.3,3.09,11.9,1.9,3.38,11.9,0.4,4.12
2019-06-08,13.1,0.5,3.17,12.2,0.8,3.58,12.5,1.9,4.42
2019-06-09,14.4,0.7,3.46,13.3,1.0,3.83,13.6,0.8,4.78
2019-06-10,16.2,2.1,3.92,14.8,3.1,3.96,13.8,4.5,4.39
2019-06-11,16.7,0.4,4.84,15.6,1.2,4.76,14.2,2.0,4.81
2019-06-12,13.6,5.6,3.65,12.5,8.9,3.94,12.4,0.6,4.68
2019-06-13,11.6,15.5,2.85,10.5,15.4,3.03,10.2,5.4,3.35
2019-06-14,12.1,5.0,2.61,11.2,7.9,2.98,11.2,0.6,3.72
2019-06-15,13.8,5.6,3.38,12.6,3.2,3.65,12.5,2.3,4.35
2019-06-16,14.9,3.4,3.63,13.6,4.1,3.96,13.4,2.3,4.62
2019-06-17,13.9,7.2,3.39,13.0,9.4,3.68,12.9,2.9,4.22
2019-06-18,12.7,15.2,2.84,11.5,17.9,2.75,11.1,11.1,3.12
2019-06-19,12.5,5.6,2.78,11.6,16.3,3.06,10.9,5.7,3.33
2019-06-20,13.5,15.3,3.15,12.2,13.8,3.31,11.5,11.1,3.76
2019-06-21,12.5,7.8,2.83,11.2,18.8,3.0,11.0,11.4,3.23
2019-06-22,13.7,6.7,3.33,12.5,3.1,3.45,12.2,1.2,3.93
2019-06-23,14.0,8.8,2.99,13.4,8.3,3.22,13.4,3.3,3.85
2019-06-24,13.7,2.7,2.64,12.7,2.2,2.91,13.0,1.1,3.4
2019-06-25,14.5,3.9,2.65,13.6,2.9,2.94,14.0,1.1,3.98
2019-06-26,14.7,5.2,2.35,13.9,2.6,2.71,14.4,2.0,3.59
2019-06-27,14.0,7.1,2.63,13.1,4.9,2.85,13.3,1.2,3.27
2019-06-28,12.6,13.4,2.16,11.8,9.3,2.53,11.8,3.7,2.78
2019-06-29,10.1,19.6,2.42,8.8,19.0,2.38,8.4,7.3,2.54
2019-06-30,5.7,14.2,1.15,4.1,14.1,1.15,3.6,4.8,1.26
2019-07-01,5.8,4.8,2.5,4.2,2.9,2.6,3.6,0.7,2.47
2019-07-02,10.7,0.0,4.55,10.8,0.0,5.13,11.0,0.0,5.47
2019-07-03,13.3,0.1,3.89,12.3,0.3,4.11,12.3,2.0,4.57
2019-07-04,12.1,2.3,2.86,11.3,1.1,3.09,11.1,1.5,3.56
2019-07-05,11.8,9.1,2.77,10.4,7.2,2.86,10.3,1.6,2.95
2019-07-06,11.2,14.3,2.2,10.2,14.5,2.51,10.1,5.0,2.7
2019-07-07,10.9,7.3,2.16,10.1,5.2,2.52,10.5,1.6,3.09
2019-07-08,13.6,1.9,3.41,13.2,5.3,3.66,13.1,1.0,4.06
2019-07-09,11.3,6.2,3.23,10.0,8.1,3.28,9.5,2.6,3.56
2019-07-10,12.2,0.0,4.57,10.8,0.0,4.46,10.3,0.0,4.58
2019-07-11,13.2,1.0,3.35,12.9,1.3,3.72,12.9,0.0,4.06
2019-07-12,10.8,10.2,1.67,10.2,13.1,1.9,10.4,5.7,2.19
2019-07-13,8.8,14.5,1.88,8.0,14.4,2.18,7.9,5.1,2.54
2019-07-14,10.5,2.5,3.34,9.6,2.3,3.71,10.1,0.5,4.53
2019-07-15,12.6,10.4,3.43,11.9,14.0,3.66,11.9,2.2,4.15
2019-07-16,10.6,5.8,2.31,9.4,6.3,2.5,9.1,0.8,2.91
2019-07-17,12.4,2.7,3.48,11.9,3.2,3.7,12.1,1.3,4.22
2019-07-18,13.5,6.2,3.26,12.2,4.1,3.71,12.8,1.2,4.02
2019-07-19,10.9,11.9,1.81,10.1,13.2,2.1,10.0,2.7,2.36
2019-07-20,11.4,4.9,2.06,10.8,1.5,2.59,11.2,0.2,3.03
2019-07-21,11.6,8.2,2.09,11.4,2.4,2.61,12.0,0.4,3.17
2019-07-22,11.8,14.7,1.94,10.9,7.6,2.21,10.9,1.6,2.3
2019-07-23,12.0,5.8,2.03,11.2,2.6,2.44,11.5,0.4,2.69
2019-07-24,12.8,3.1,2.58,12.3,3.7,2.98,12.9,0.8,3.37
2019-07-25,11.4,9.5,1.7,10.4,11.0,1.92,10.4,3.5,2.03
2019-07-26,10.1,3.2,2.55,8.9,1.2,2.64,9.0,0.0,2.98
2019-07-27,10.1,2.8,2.71,9.2,1.5,2.97,9.5,0.2,3.57
2019-07-28,10.8,1.3,2.96,9.9,0.2,3.18,10.3,0.0,3.74
2019-07-29,14.9,0.0,4.75,14.7,0.2,4.92,14.4,0.0,5.2
2019-07-30,18.2,0.0,5.33,18.9,0.1,5.32,17.9,0.0,5.37
2019-07-31,14.9,0.7,2.67,14.9,0.0,3.05,15.8,0.1,3.91
2019-08-01,13.9,1.6,3.01,13.6,1.7,3.33,13.6,0.0,3.97
2019-08-02,12.6,6.2,2.9,11.5,7.0,2.89,11.5,0.8,3.13
2019-08-03,11.9,3.7,2.3,11.0,4.1,2.58,11.1,0.9,2.94
2019-08-04,13.8,0.0,4.37,13.8,0.0,4.37,12.6,0.0,4.35
2019-08-05,8.9,9.7,1.34,7.8,9.9,1.65,7.8,1.4,1.92
2019-08-06,8.0,6.5,1.71,7.0,4.0,2.04,7.2,0.7,2.28
2019-08-07,7.8,7.1,1.41,6.7,4.1,1.69,6.7,0.7,1.75
2019-08-08,10.0,2.2,1.96,9.6,0.0,2.48,10.2,0.0,2.97
2019-08-09,12.6,0.0,2.97,12.8,0.0,3.24,13.3,0.2,4.2
2019-08-10,11.8,12.5,1.97,11.1,6.0,2.44,11.5,1.5,2.91
2019-08-11,11.0,8.8,2.48,9.7,6.4,2.68,9.8,1.6,2.87
2019-08-12,11.5,0.0,3.25,11.0,0.0,3.53,11.8,0.0,4.14
2019-08-13,15.0,0.0,3.89,15.2,0.0,4.15,15.5,0.0,4.94
2019-08-14,20.1,0.0,5.06,19.7,0.0,5.2,19.7,0.0,5.69
2019-08-15,21.4,0.0,5.18,21.7,1.3,5.3,22.0,0.0,5.41
2019-08-16,18.0,4.0,3.14,17.8,1.3,3.55,19.0,0.7,4.5
2019-08-17,12.4,9.7,1.73,11.5,6.2,1.99,12.0,1.0,2.36
2019-08-18,12.9,9.0,2.49,12.5,7.6,2.89,13.1,0.7,3.57
2019-08-19,12.9,5.3,2.39,12.8,2.5,2.85,13.9,0.0,3.55
2019-08-20,14.9,2.2,3.21,15.2,0.8,3.62,16.2,0.2,3.95
2019-08-21,15.1,2.4,2.74,15.4,1.1,3.27,16.5,0.4,4.01
2019-08-22,13.0,15.1,2.01,12.3,19.6,2.47,12.9,3.9,2.86
2019-08-23,12.7,9.2,2.09,11.6,12.6,2.25,11.8,9.9,2.51
2019-08-24,12.9,6.9,2.11,11.8,9.4,2.29,11.5,10.3,2.4
2019-08-25,12.8,1.5,2.9,11.4,1.5,2.99,11.2,0.1,3.21
2019-08-26,12.7,1.7,2.82,12.3,1.9,2.95,12.0,0.7,3.46
2019-08-27,13.3,5.3,2.04,12.4,4.7,2.2,12.3,6.2,2.79
2019-08-28,12.8,5.2,2.48,11.7,3.5,2.53,11.7,1.6,2.81
2019-08-29,14.3,0.0,2.92,13.5,0.0,3.18,13.9,0.2,3.75
2019-08-30,13.8,7.7,2.13,13.4,9.4,2.5,13.3,1.2,2.78
2019-08-31,11.4,28.8,1.99,10.2,32.5,2.13,10.3,21.0,2.48
2019-09-01,12.2,3.3,2.24,11.4,2.5,2.5,11.6,1.6,3.26
2019-09-02,11.1,7.2,1.45,10.0,5.1,1.73,9.7,2.4,1.84
2019-09-03,10.7,1.3,2.59,9.3,0.4,2.64,9.1,0.2,3.05
2019-09-04,11.1,5.8,2.04,10.0,4.9,2.27,10.1,1.1,2.56
2019-09-05,11.4,3.6,1.89,10.6,4.1,2.19,10.8,3.2,2.57
2019-09-06,11.4,3.1,2.36,10.7,4.1,2.54,10.7,1.2,2.8
2019-09-07,9.7,2.4,2.42,8.5,3.3,2.51,8.2,0.5,2.8
2019-09-08,8.6,8.2,1.76,7.2,6.9,1.73,7.0,2.7,2.01
2019-09-09,8.9,7.1,1.65,7.7,7.7,1.74,7.5,10.3,1.8
2019-09-10,9.5,1.9,1.84,8.4,4.9,1.86,8.0,2.5,2.03
2019-09-11,9.9,4.3,2.09,8.5,2.9,2.17,8.2,1.6,2.49
2019-09-12,10.2,1.6,2.46,8.5,0.5,2.49,8.3,1.5,2.8
2019-09-13,10.4,0.4,2.61,9.1,0.3,2.66,8.9,0.2,2.95
2019-09-14,10.4,1.7,2.06,9.8,3.3,2.18,9.7,0.1,2.76
2019-09-15,9.1,11.0,0.9,8.0,10.1,0.99,7.9,6.2,1.14
2019-09-16,9.7,4.7,1.56,9.1,6.0,1.82,9.2,3.4,2.19
2019-09-17,10.4,4.8,1.96,9.2,3.5,2.0,8.6,4.9,2.11
2019-09-18,11.4,0.0,3.48,11.5,0.0,3.5,9.8,0.0,3.55
2019-09-19,12.1,0.3,2.63,11.8,0.9,2.75,10.9,0.1,3.06
2019-09-20,12.8,2.2,3.07,12.8,0.9,3.39,12.2,0.9,3.93
2019-09-21,3.9,23.8,0.44,2.4,19.9,0.5,2.1,9.2,0.54
2019-09-22,2.5,2.8,1.69,0.8,3.6,1.81,1.0,2.3,2.1
2019-09-23,6.4,0.0,2.57,6.4,0.0,2.58,5.9,0.0,2.93
2019-09-24,8.1,0.0,3.03,8.9,0.0,3.05,7.9,0.0,3.13
2019-09-25,12.0,0.2,3.46,11.0,0.2,3.48,10.2,0.7,3.61
2019-09-26,10.3,5.4,2.21,9.3,8.8,2.2,8.7,5.0,2.22
2019-09-27,10.9,2.5,2.5,10.0,1.0,2.52,9.5,0.0,2.55
2019-09-28,7.8,12.2,1.08,6.4,14.8,1.1,5.8,7.9,1.24
2019-09-29,6.8,0.2,1.7,5.4,0.2,1.84,4.8,0.0,2.36
2019-09-30,8.3,0.0,2.73,8.5,0.0,2.82,7.4,0.0,3.01
2019-10-01,10.0,0.0,2.91,11.0,0.0,2.89,9.4,0.0,2.88
2019-10-02,11.5,0.0,3.18,11.5,0.0,3.2,9.6,0.0,3.29
2019-10-03,11.7,0.4,2.6,10.6,3.8,2.4,10.3,1.2,2.53
2019-10-04,10.7,0.0,2.56,10.8,0.4,2.45,9.2,0.0,2.37
2019-10-05,11.8,0.0,3.16,10.8,0.0,3.1,10.3,0.0,3.14
2019-10-06,9.9,4.5,2.46,9.0,4.7,2.47,8.4,9.0,2.47
2019-10-07,6.9,0.6,1.86,6.2,0.8,1.97,6.0,0.1,2.25
2019-10-08,12.0,0.0,2.62,10.8,0.0,2.5,9.4,0.0,2.37
2019-10-09,9.2,0.9,1.49,8.6,0.4,1.8,9.3,0.1,2.32
2019-10-10,11.7,0.0,2.73,11.0,0.0,2.68,11.0,0.1,2.78
2019-10-11,10.2,1.2,2.09,9.6,1.4,2.25,9.6,0.1,2.46
2019-10-12,5.3,6.2,0.84,3.8,7.7,0.9,3.2,2.4,1.02
2019-10-13,7.1,0.0,2.46,7.9,0.0,2.55,7.2,0.0,2.73
2019-10-14,10.3,0.0,2.96,10.9,0.0,2.83,10.4,0.0,2.95
2019-10-15,10.7,0.0,2.96,11.7,0.0,2.91,11.1,0.0,2.86
2019-10-16,10.7,0.0,2.82,12.4,0.0,2.88,10.8,0.0,2.77
2019-10-17,11.0,0.0,2.6,11.7,0.7,2.48,10.6,0.0,2.52
2019-10-18,10.0,5.4,2.01,8.7,2.8,1.96,7.6,0.3,1.91
2019-10-19,8.7,0.9,1.49,7.6,2.8,1.55,7.1,1.0,1.83
2019-10-20,7.6,11.6,1.0,6.3,6.3,1.13,5.9,10.8,1.31
2019-10-21,6.8,11.4,0.71,5.4,7.9,0.77,4.8,16.0,0.86
2019-10-22,6.6,4.8,1.0,5.1,5.0,1.12,4.7,12.3,1.32
2019-10-23,6.5,3.3,1.13,5.1,1.4,1.23,4.5,1.1,1.4
2019-10-24,6.5,0.3,1.41,5.1,1.6,1.47,4.4,1.4,1.76
2019-10-25,6.7,2.3,1.58,5.5,2.6,1.53,4.3,0.6,1.73
2019-10-26,5.8,8.1,1.1,4.8,7.3,1.1,4.1,2.9,1.3
2019-10-27,5.0,0.6,1.15,3.4,0.6,1.2,2.8,3.9,1.43
2019-10-28,6.2,0.0,1.78,4.8,0.1,1.79,3.6,0.0,1.87
2019-10-29,5.0,7.1,1.1,3.9,5.3,1.14,3.2,3.8,1.18
2019-10-30,4.1,5.0,1.03,2.0,11.4,1.03,0.8,4.5,1.09
2019-10-31,3.0,1.7,1.22,1.1,1.0,1.22,-0.9,0.1,1.31
2019-11-01,2.1,10.1,0.56,0.7,11.6,0.57,-0.2,11.6,0.63
2019-11-02,-4.9,17.0,0.72,-6.0,18.1,0.63,-7.4,14.5,0.64
2019-11-03,-5.5,0.0,1.66,-3.8,0.0,1.74,-5.0,0.0,1.7
2019-11-04,-1.5,0.0,1.86,-0.8,0.0,1.71,-4.4,0.0,1.78
2019-11-05,0.4,0.0,1.94,0.6,0.0,1.78,-1.3,0.0,1.91
2019-11-06,2.4,0.0,1.88,5.2,0.0,1.72,3.0,0.0,1.75
2019-11-07,2.5,0.0,1.92,3.6,0.0,1.92,2.1,0.0,1.84
2019-11-08,3.4,0.0,2.14,4.0,0.0,2.0,3.5,0.0,2.27
2019-11-09,3.7,0.0,1.93,6.6,0.0,1.81,6.5,0.0,2.15
2019-11-10,4.5,0.0,2.15,2.3,0.0,2.01,1.0,0.0,2.1
2019-11-11,3.8,0.0,1.85,1.6,0.0,1.57,2.5,0.0,1.9
2019-11-12,3.3,0.0,1.57,4.8,0.0,1.52,2.9,0.0,1.5
2019-11-13,3.7,0.0,1.83,5.5,0.0,1.72,2.8,0.0,1.75
2019-11-14,5.2,0.0,2.21,4.9,0.0,1.98,0.5,0.0,1.87
2019-11-15,5.8,0.0,1.86,6.5,0.0,1.83,2.5,0.0,1.71
2019-11-16,3.7,0.0,1.35,4.9,0.0,1.47,2.6,0.0,1.44
2019-11-17,2.9,0.0,1.51,4.0,0.0,1.39,2.6,0.0,1.44
2019-11-18,2.9,0.0,1.55,4.6,0.0,1.42,1.5,0.0,1.43
2019-11-19,3.1,0.0,1.31,2.5,0.0,1.39,-0.7,0.0,1.43
2019-11-20,1.3,0.0,1.13,2.2,0.0,1.17,-0.2,0.0,1.34
2019-11-21,1.2,0.0,1.34,0.8,0.0,1.29,-1.1,0.0,1.35
2019-11-22,0.0,0.0,1.36,-0.2,0.0,1.3,-1.3,0.0,1.27
2019-11-23,0.9,0.0,1.45,0.1,0.0,1.33,-1.5,0.0,1.11
2019-11-24,1.3,0.0,1.22,0.3,0.0,1.0,-1.0,0.0,0.95
2019-11-25,0.5,0.0,1.48,-0.5,0.0,1.28,-1.7,0.0,1.22
2019-11-26,1.9,0.1,1.64,0.5,0.3,1.38,-1.6,0.2,0.97
2019-11-27,2.2,2.4,0.96,0.8,3.2,0.73,-1.2,3.2,0.52
2019-11-28,0.9,0.5,0.65,-0.3,0.8,0.6,-2.8,0.5,0.61
2019-11-29,1.5,2.3,1.14,-0.0,1.7,0.99,-3.3,2.6,0.72
2019-11-30,1.5,4.4,0.86,-0.2,6.7,0.74,-2.1,7.2,0.64
2019-12-01,1.3,17.9,0.55,-0.3,22.3,0.49,-1.9,19.1,0.4
2019-12-02,-6.0,22.1,0.33,-7.2,19.2,0.29,-8.4,12.3,0.31
2019-12-03,-6.5,0.0,1.07,-3.7,0.0,1.02,-6.5,0.0,1.13
2019-12-04,-5.4,2.6,0.53,-5.0,2.2,0.49,-6.1,1.7,0.56
2019-12-05,-6.9,2.0,0.43,-8.3,1.5,0.45,-8.9,1.5,0.42
2019-12-06,-6.6,0.0,0.7,-7.3,0.0,0.72,-7.5,0.0,0.86
2019-12-07,-7.7,0.0,0.98,-3.6,0.0,0.96,-7.0,0.0,0.8
2019-12-08,-7.1,0.0,0.81,-5.5,0.0,0.77,-6.3,0.0,0.82
2019-12-09,-8.4,0.0,0.79,-7.5,0.0,0.73,-10.9,0.0,0.63
2019-12-10,-7.0,0.0,0.86,-6.1,0.0,0.83,-8.8,0.0,0.7
2019-12-11,-6.5,0.0,0.77,-6.0,0.0,0.74,-8.1,0.0,0.62
2019-12-12,-3.6,0.5,0.87,-4.3,0.6,0.8,-7.8,0.9,0.65
2019-12-13,-0.6,0.1,0.7,-1.7,0.6,0.55,-4.1,0.5,0.38
2019-12-14,0.8,0.8,0.8,-0.7,1.6,0.64,-2.7,2.1,0.39
2019-12-15,0.6,0.5,0.7,-0.4,1.5,0.58,-2.5,1.5,0.41
2019-12-16,-2.0,11.8,0.27,-3.5,15.9,0.24,-4.8,7.4,0.27
2019-12-17,-4.4,0.0,1.0,-1.4,0.0,0.94,-4.9,0.0,0.92
2019-12-18,-2.9,0.0,1.2,3.0,0.0,1.17,-0.6,0.0,1.2
2019-12-19,1.6,0.0,1.26,5.6,0.0,1.55,1.3,0.0,1.62
2019-12-20,0.3,0.0,1.36,5.9,0.0,1.54,2.5,0.0,1.51
2019-12-21,-0.6,0.0,1.6,0.9,0.0,1.49,0.8,0.0,1.56
2019-12-22,0.1,0.1,1.2,0.1,0.1,1.12,-4.1,0.1,0.91
2019-12-23,0.4,0.0,1.49,-0.3,0.0,1.42,-3.5,0.0,1.03
2019-12-24,1.0,0.0,1.8,-0.9,0.0,1.47,-2.7,0.0,1.17
2019-12-25,0.6,0.2,1.25,-1.1,0.5,1.03,-2.8,0.4,0.81
2019-12-26,-0.1,0.6,0.7,-2.0,1.6,0.54,-3.5,1.4,0.46
2019-12-27,-2.5,8.7,0.54,-4.1,10.5,0.5,-4.9,6.6,0.56
2019-12-28,-3.6,1.0,0.59,-5.1,1.8,0.48,-6.2,1.4,0.45
2019-12-29,-2.8,1.1,0.66,-3.6,1.2,0.54,-5.1,2.0,0.41
2019-12-30,-2.1,2.0,0.57,-3.0,2.7,0.51,-4.8,3.3,0.54
2019-12-31,-4.3,0.0,0.7,-4.0,0.0,0.68,-5.4,0.0,0.73
2020-01-01,-4.1,3.5,0.49,-5.5,5.7,0.39,-6.7,1.9,0.46
2020-01-02,-5.9,2.7,0.31,-7.4,1.6,0.29,-8.3,0.9,0.35
2020-01-03,-7.0,0.7,0.7,-7.9,1.1,0.63,-10.0,1.4,0.65
2020-01-04,-4.3,4.5,0.5,-5.4,6.7,0.4,-6.7,5.0,0.38
2020-01-05,-6.1,0.0,0.74,-6.8,0.0,0.63,-9.0,0.1,0.67
2020-01-06,-5.4,0.0,0.89,-5.7,0.0,0.74,-8.8,0.0,0.54
2020-01-07,-1.7,0.0,0.84,-3.3,0.0,0.64,-5.4,0.0,0.41
2020-01-08,-3.1,1.4,0.59,-4.4,1.8,0.5,-5.9,1.7,0.44
2020-01-09,-6.2,8.6,0.43,-7.8,7.5,0.39,-8.5,3.3,0.44
2020-01-10,-7.8,1.9,0.49,-9.9,1.6,0.44,-10.7,0.8,0.47
2020-01-11,-8.7,0.0,0.81,-8.8,0.0,0.71,-11.2,0.0,0.73
2020-01-12,-4.8,10.7,0.41,-4.3,11.7,0.35,-6.4,9.2,0.4
2020-01-13,-8.7,20.3,0.27,-10.5,24.9,0.22,-11.5,15.7,0.23
2020-01-14,-7.3,0.0,1.15,-1.7,0.0,1.06,-3.8,0.0,1.13
2020-01-15,-6.4,0.0,0.84,-5.3,0.0,0.79,-7.2,0.0,0.81
2020-01-16,-9.2,0.0,0.99,-8.3,0.0,0.87,-10.4,0.0,0.85
2020-01-17,-8.8,0.0,1.12,-6.8,0.0,0.91,-7.2,0.0,1.14
2020-01-18,-8.6,1.2,0.5,-9.3,0.4,0.49,-11.4,0.0,0.53
2020-01-19,-7.7,0.0,0.77,-8.6,0.0,0.72,-10.2,0.0,0.73
2020-01-20,-7.9,1.4,0.67,-8.3,1.0,0.67,-9.2,0.5,0.76
2020-01-21,-8.1,18.6,0.31,-9.5,13.5,0.26,-10.4,7.5,0.31
2020-01-22,-9.3,0.3,0.58,-10.8,0.3,0.48,-12.3,0.1,0.48
2020-01-23,-7.4,11.4,0.46,-7.8,12.2,0.35,-9.8,9.2,0.35
2020-01-24,-12.1,6.8,0.35,-13.7,9.1,0.26,-14.6,6.1,0.26
2020-01-25,-10.4,0.0,1.05,-6.8,0.0,0.99,-9.8,0.0,1.0
2020-01-26,-7.2,0.0,1.11,-4.0,0.0,1.06,-6.8,0.0,0.95
2020-01-27,-7.4,0.0,1.31,-3.2,0.0,1.3,-6.9,0.0,1.21
2020-01-28,-2.7,0.5,1.32,-2.3,0.6,1.27,-6.2,0.6,1.06
2020-01-29,-3.2,0.0,1.06,-4.3,0.3,0.87,-6.1,0.0,0.71
2020-01-30,-2.4,4.8,0.83,-4.1,6.0,0.63,-5.8,6.8,0.46
2020-01-31,-5.7,36.7,0.3,-7.0,38.4,0.24,-7.8,29.5,0.26
2020-02-01,-8.6,7.3,0.82,-9.9,5.4,0.74,-11.0,3.7,0.73
2020-02-02,-5.6,3.3,0.76,-5.9,4.6,0.55,-8.7,4.1,0.55
2020-02-03,-4.5,0.0,1.02,-5.2,0.0,0.91,-8.7,0.2,0.73
2020-02-04,-4.6,10.8,0.49,-6.1,12.8,0.38,-7.8,11.7,0.35
2020-02-05,-1.4,0.6,0.94,-2.9,0.8,0.65,-5.2,1.8,0.49
2020-02-06,0.8,0.0,1.05,-1.4,0.0,0.69,-2.7,0.0,0.5
2020-02-07,-3.4,13.9,0.47,-4.6,14.4,0.43,-4.4,8.5,0.47
2020-02-08,-11.8,33.7,0.26,-13.3,32.6,0.22,-14.1,24.4,0.25
2020-02-09,-16.5,5.3,0.54,-18.5,6.2,0.41,-19.9,4.5,0.42
2020-02-10,-19.2,0.3,0.57,-20.2,0.4,0.48,-23.0,0.1,0.46
2020-02-11,-14.7,0.7,0.96,-14.7,0.8,0.94,-19.3,0.8,0.71
2020-02-12,-10.1,7.6,0.58,-11.4,8.0,0.44,-14.6,8.9,0.32
2020-02-13,-8.0,5.3,0.77,-10.3,5.5,0.59,-12.3,5.1,0.49
2020-02-14,-10.4,1.0,1.12,-11.6,1.5,1.02,-14.3,0.8,0.96
2020-02-15,-6.4,0.0,1.55,-5.8,0.0,1.42,-10.1,0.0,1.28
2020-02-16,-6.6,0.0,1.27,-6.0,0.0,1.25,-7.1,0.0,1.25
2020-02-17,-8.3,0.0,0.88,-8.6,0.0,0.79,-9.5,0.0,1.06
2020-02-18,-4.9,0.0,1.46,-3.4,0.0,1.46,-6.4,0.0,1.3
2020-02-19,-2.4,0.0,1.75,-2.2,0.0,1.62,-4.8,0.0,1.44
2020-02-20,-4.3,0.0,1.46,-3.9,0.1,1.4,-5.8,0.2,1.47
2020-02-21,-2.9,0.0,1.48,-3.0,0.0,1.33,-5.3,0.0,1.08
2020-02-22,-2.4,2.5,1.11,-2.3,3.1,0.97,-3.3,3.2,1.01
2020-02-23,-3.1,1.1,0.95,-3.4,0.7,0.88,-3.7,1.8,0.94
2020-02-24,-0.9,0.4,1.52,-2.2,0.3,1.31,-4.4,0.4,1.11
2020-02-25,-6.9,23.1,0.69,-8.5,25.3,0.49,-9.5,17.7,0.54
2020-02-26,-5.0,0.0,1.87,-2.3,0.0,2.1,-7.1,0.0,1.78
2020-02-27,0.4,0.0,2.58,1.5,0.0,2.64,-3.5,0.0,2.17
2020-02-28,-0.4,1.1,1.39,-0.8,2.4,1.22,-2.9,1.2,1.19
2020-02-29,-0.1,2.9,1.22,-1.1,3.7,0.99,-2.4,3.4,1.06
2020-03-01,-4.8,9.0,0.53,-6.1,8.8,0.47,-6.5,2.6,0.6
2020-03-02,-4.3,0.0,1.96,-5.2,0.0,1.84,-6.6,0.0,1.77
2020-03-03,-1.8,0.0,2.36,-0.5,0.0,2.15,-1.8,0.0,2.14
2020-03-04,-0.4,0.0,2.69,4.0,0.0,2.78,0.7,0.0,2.61
2020-03-05,2.9,0.0,3.05,3.5,0.0,2.9,0.5,0.0,2.73
2020-03-06,3.4,0.0,2.48,2.8,0.0,2.28,1.1,0.0,2.27
2020-03-07,2.2,0.1,2.32,1.1,0.3,2.2,0.8,0.5,2.23
2020-03-08,1.9,0.0,2.23,2.5,0.1,2.21,1.1,0.0,2.27
2020-03-09,3.5,0.0,2.75,3.4,0.0,2.69,1.4,0.0,2.57
2020-03-10,5.3,0.0,2.93,4.0,0.0,2.7,2.1,0.0,2.33
2020-03-11,3.5,0.0,2.41,3.1,0.3,2.24,1.5,0.2,1.97
2020-03-12,3.3,0.4,1.95,2.8,0.5,1.9,1.5,0.8,1.83
2020-03-13,3.5,8.1,1.36,2.7,8.2,1.3,1.6,8.2,1.11
2020-03-14,2.4,5.2,0.9,1.3,6.5,0.87,0.3,6.1,0.89
2020-03-15,2.7,0.5,2.06,1.7,1.1,2.04,0.9,0.3,1.99
2020-03-16,-6.9,25.0,0.63,-7.3,22.1,0.58,-7.2,19.9,0.65
2020-03-17,-9.9,4.7,0.74,-9.9,3.5,0.64,-9.1,3.9,0.76
2020-03-18,-8.8,7.3,0.68,-8.5,7.8,0.63,-7.7,6.4,0.69
2020-03-19,-3.7,0.9,1.63,-4.6,1.6,1.61,-4.5,2.9,1.72
2020-03-20,-5.2,1.3,1.18,-5.4,1.3,1.24,-5.3,0.8,1.67
2020-03-21,-4.4,0.0,1.19,-5.4,0.0,1.18,-5.4,0.0,1.58
2020-03-22,-1.9,0.0,2.3,-2.5,0.0,2.23,-3.9,0.0,2.35
2020-03-23,-0.7,0.0,2.48,-0.1,0.0,2.49,-2.2,0.0,2.67
2020-03-24,0.5,0.4,2.34,0.1,0.7,2.14,-2.1,0.8,2.21
2020-03-25,0.3,1.0,1.68,-0.5,1.2,1.69,-1.3,0.8,2.16
2020-03-26,0.6,5.2,1.88,0.2,4.9,1.83,-0.5,7.6,1.82
2020-03-27,2.5,0.2,2.34,1.8,0.5,2.26,-0.0,2.9,1.84
2020-03-28,2.1,0.3,1.98,1.1,0.6,1.74,-0.3,0.8,1.58
2020-03-29,0.1,10.5,0.98,-0.5,10.1,0.87,-1.5,12.7,0.93
2020-03-30,-1.8,10.2,1.04,-2.9,11.7,0.94,-3.4,8.9,1.06
2020-03-31,-0.5,1.9,2.39,-1.3,3.5,2.35,-2.3,2.5,2.32
2020-04-01,-1.0,10.7,1.11,-1.5,8.0,1.01,-2.1,9.3,1.02
2020-04-02,-2.1,1.0,1.48,-2.8,0.9,1.45,-3.3,0.9,1.73
2020-04-03,1.1,1.3,1.9,-0.3,1.3,1.72,-1.8,4.3,1.31
2020-04-04,-0.7,2.6,2.27,-1.6,2.7,2.2,-2.4,1.0,2.33
2020-04-05,2.5,1.2,2.56,1.8,1.3,2.38,0.1,1.4,2.32
2020-04-06,1.4,1.4,1.35,0.7,2.2,1.29,0.2,3.1,1.47
2020-04-07,-1.7,0.8,0.87,-2.6,1.3,0.98,-2.7,2.6,1.08
2020-04-08,0.1,0.0,2.11,-0.8,0.0,2.39,-0.9,0.0,3.16
2020-04-09,0.7,0.1,1.99,0.1,0.0,1.96,0.0,2.3,2.63
2020-04-10,-1.9,0.0,0.92,-2.5,0.0,1.04,-2.4,0.0,1.33
2020-04-11,-2.5,0.6,1.75,-3.9,0.3,1.59,-4.6,0.0,1.59
2020-04-12,-4.4,3.1,0.67,-5.7,3.0,0.59,-6.5,1.1,0.7
2020-04-13,-2.9,0.0,2.82,-3.7,0.0,2.79,-4.6,0.0,2.87
2020-04-14,1.9,0.0,3.58,1.4,0.0,3.4,0.5,0.0,3.31
2020-04-15,2.5,0.4,2.85,1.9,0.5,2.74,0.8,0.3,2.68
2020-04-16,-0.5,5.0,0.9,-1.4,7.3,0.93,-1.4,4.9,1.11
2020-04-17,2.7,0.0,3.27,2.2,0.0,3.31,1.5,0.0,3.49
2020-04-18,4.0,0.0,3.14,4.0,0.2,3.12,3.3,0.1,3.02
2020-04-19,2.9,3.3,2.45,1.9,2.8,2.45,1.0,2.4,2.46
2020-04-20,4.3,3.5,2.6,3.3,3.2,2.48,1.9,2.5,2.4
2020-04-21,1.3,23.2,1.0,0.7,28.4,1.06,1.4,14.6,1.08
2020-04-22,-1.3,14.4,0.92,-1.0,17.0,0.95,0.0,15.1,1.0
2020-04-23,-4.9,6.9,0.91,-5.9,8.8,0.79,-6.0,5.4,0.78
2020-04-24,-3.0,0.6,1.87,-4.0,0.1,1.94,-3.8,0.0,2.78
2020-04-25,1.1,0.4,1.57,-0.4,1.2,1.41,-0.6,1.1,1.54
2020-04-26,0.2,0.0,3.23,-0.3,0.0,3.07,-1.2,0.0,3.05
2020-04-27,2.6,0.3,2.8,2.2,0.4,2.83,0.7,0.7,2.8
2020-04-28,0.1,2.2,1.43,-0.7,5.9,1.69,-1.2,3.0,1.89
2020-04-29,3.3,0.1,3.43,2.1,0.3,3.35,1.2,0.0,3.36
2020-04-30,5.4,3.0,2.88,3.4,1.3,2.91,2.2,1.3,2.68
2020-05-01,6.3,0.7,2.28,3.9,1.1,2.37,2.7,4.8,2.14
2020-05-02,4.4,2.6,1.46,2.2,3.8,1.71,1.4,1.3,1.89
2020-05-03,5.5,3.2,3.05,3.1,1.3,2.99,1.8,3.5,2.68
2020-05-04,6.2,5.4,1.72,3.6,8.0,1.68,2.2,10.0,1.31
2020-05-05,6.5,3.4,2.3,3.8,5.6,2.24,2.8,6.7,2.22
2020-05-06,2.4,18.6,0.77,0.8,18.6,0.93,0.1,13.3,1.06
2020-05-07,5.1,0.3,3.56,2.8,0.4,3.46,1.5,0.4,3.49
2020-05-08,2.5,11.7,0.96,1.4,13.6,1.39,1.7,8.0,1.43
2020-05-09,-0.2,15.3,1.41,-0.9,15.6,1.27,-0.9,16.5,1.49
2020-05-10,-1.8,4.8,1.53,-2.6,4.9,1.51,-3.3,2.9,1.49
2020-05-11,-0.1,0.0,3.41,1.4,0.0,3.38,-0.2,0.0,3.27
2020-05-12,5.4,0.0,4.32,4.9,0.0,4.23,6.1,0.0,4.28
2020-05-13,8.4,1.8,3.31,5.9,2.2,3.2,5.9,0.6,3.2
2020-05-14,7.3,0.0,4.07,4.2,0.0,3.91,3.6,0.0,4.07
2020-05-15,10.1,0.0,4.59,9.6,0.0,4.3,7.6,0.0,4.29
2020-05-16,12.4,0.5,4.25,12.4,2.9,4.09,8.6,0.0,3.78
2020-05-17,8.8,0.6,3.04,7.1,0.2,3.19,4.9,0.2,3.32
2020-05-18,11.1,1.6,4.0,11.2,1.1,3.96,7.5,1.1,3.69
2020-05-19,8.2,0.4,3.34,6.5,0.3,3.47,5.3,0.3,3.87
2020-05-20,10.6,0.0,5.01,11.0,0.0,4.8,9.4,0.0,4.82
2020-05-21,14.6,0.0,5.2,13.3,0.0,5.06,12.8,0.2,5.14
2020-05-22,12.7,8.1,3.64,11.7,8.2,3.51,10.7,6.8,3.61
2020-05-23,-0.1,16.2,1.13,-1.4,14.1,1.12,-1.5,13.2,1.18
2020-05-24,-1.3,25.7,1.12,-2.6,28.5,1.07,-3.1,29.2,0.99
2020-05-25,-0.4,10.7,2.17,-0.2,9.7,2.23,-0.3,14.7,2.55
2020-05-26,5.6,0.0,4.59,5.2,0.0,4.59,2.5,0.0,4.04
2020-05-27,10.3,0.0,4.61,8.8,0.0,4.26,5.7,0.0,4.2
2020-05-28,14.2,0.5,4.72,11.5,0.2,4.3,8.6,0.0,4.0
2020-05-29,9.8,4.1,3.63,9.7,5.6,4.14,10.3,4.9,5.02
2020-05-30,6.4,5.7,3.26,5.0,4.3,3.41,4.8,0.4,3.63
2020-05-31,7.8,3.6,3.75,6.7,4.0,3.9,6.5,0.2,3.89
2020-06-01,10.7,0.0,4.54,9.7,0.0,4.52,9.4,2.8,4.57
2020-06-02,10.6,2.0,4.22,10.0,5.9,4.25,10.1,2.2,4.38
2020-06-03,8.5,6.1,2.69,7.5,9.4,2.75,6.7,4.9,2.67
2020-06-04,8.9,3.3,3.58,7.8,1.8,3.73,7.4,5.1,4.07
2020-06-05,8.8,1.0,3.43,6.9,2.6,2.97,6.4,0.6,3.08
2020-06-06,11.6,0.0,4.84,10.4,0.1,4.91,10.0,0.0,5.01
2020-06-07,14.2,0.0,5.55,13.2,0.1,5.45,12.3,0.0,5.51
2020-06-08,15.7,1.5,4.89,14.4,0.9,4.81,14.5,0.8,4.77
2020-06-09,14.8,3.8,4.36,14.2,5.2,4.41,12.9,2.3,4.34
2020-06-10,15.3,2.7,4.67,14.2,0.7,4.57,12.9,1.6,4.51
2020-06-11,15.1,3.8,4.91,14.5,0.0,4.88,13.4,0.4,5.02
2020-06-12,11.0,8.9,2.64,9.9,8.3,3.01,9.9,5.0,3.31
2020-06-13,10.8,4.4,3.57,10.1,1.8,3.79,10.0,4.9,4.16
2020-06-14,11.8,2.4,3.79,10.1,3.3,3.71,9.4,3.6,3.92
2020-06-15,12.1,0.2,4.34,11.2,1.3,4.25,9.9,1.8,4.11
2020-06-16,13.0,4.3,4.05,11.8,3.8,4.0,11.3,1.3,3.95
2020-06-17,12.2,3.0,3.98,11.1,4.1,3.83,10.6,2.7,3.85
2020-06-18,12.3,1.4,4.16,11.1,6.0,4.19,10.4,4.8,4.31
2020-06-19,10.0,6.2,1.93,9.1,5.9,2.16,8.8,10.9,2.67
2020-06-20,9.0,8.6,1.72,7.8,8.2,1.81,7.5,8.7,2.1
2020-06-21,9.4,1.9,3.41,8.1,6.2,3.11,7.5,2.8,3.16
2020-06-22,11.5,0.4,4.51,11.3,1.2,4.56,10.0,0.6,4.51
2020-06-23,14.4,0.0,4.81,13.3,2.5,4.75,12.5,1.7,4.68
2020-06-24,13.0,4.2,3.25,12.1,5.9,3.63,11.9,1.0,4.38
2020-06-25,10.8,3.9,2.7,9.4,3.2,2.91,9.1,0.6,3.19
2020-06-26,11.2,5.0,2.68,10.2,2.3,2.98,10.4,1.7,3.68
2020-06-27,10.7,6.9,1.78,9.6,5.5,1.81,9.6,10.7,1.93
2020-06-28,11.1,6.8,2.94,10.0,4.6,3.1,9.7,1.3,3.18
2020-06-29,11.2,4.1,2.7,10.1,4.0,2.9,10.2,1.2,3.62
2020-06-30,11.1,9.8,2.13,10.2,8.3,2.48,10.2,4.3,2.76
2020-07-01,11.1,28.4,1.65,9.7,19.8,1.83,9.5,12.9,2.04
2020-07-02,12.5,4.8,3.0,11.5,9.8,3.24,11.3,10.1,3.8
2020-07-03,16.0,2.8,4.36,14.5,2.0,4.42,13.7,0.1,4.54
2020-07-04,16.3,3.1,4.21,15.4,2.3,4.44,14.5,0.0,4.53
2020-07-05,14.5,3.6,3.57,13.6,2.1,3.62,13.1,3.1,4.3
2020-07-06,15.5,10.1,3.27,14.1,10.1,3.32,14.0,7.4,3.96
2020-07-07,17.8,2.6,4.32,16.8,0.1,4.39,15.6,0.4,4.62
2020-07-08,14.6,9.5,3.2,13.5,16.1,3.25,12.6,2.1,3.34
2020-07-09,11.3,10.8,1.92,9.8,9.5,2.06,9.6,3.2,2.36
2020-07-10,11.6,5.5,2.55,10.4,3.3,2.78,10.5,0.6,3.17
2020-07-11,12.1,8.1,2.0,11.1,3.0,2.21,11.2,1.7,2.74
2020-07-12,13.0,4.6,2.42,11.9,5.1,2.62,11.9,2.8,3.2
2020-07-13,11.9,18.7,1.88,10.8,29.0,1.88,10.3,9.0,1.9
2020-07-14,11.6,9.7,2.85,10.1,8.9,2.84,9.9,2.3,3.23
2020-07-15,13.1,1.2,2.86,12.0,1.4,3.14,11.9,0.7,3.94
2020-07-16,14.7,0.0,4.68,13.7,0.1,4.78,13.0,0.1,5.17
2020-07-17,13.6,2.7,3.39,13.4,5.0,3.43,13.4,2.0,3.77
2020-07-18,14.5,0.9,2.76,14.4,0.3,3.33,15.3,0.2,4.24
2020-07-19,18.2,0.1,4.31,18.1,3.1,4.68,18.1,0.0,5.34
2020-07-20,19.8,0.2,5.32,19.2,2.6,5.53,19.0,0.0,5.83
2020-07-21,13.0,20.1,1.81,12.4,18.1,2.24,12.7,3.5,2.67
2020-07-22,10.4,7.9,1.97,9.4,6.4,2.13,9.3,1.4,2.33
2020-07-23,11.8,2.2,2.99,10.8,4.2,3.13,11.1,0.3,3.65
2020-07-24,13.0,2.5,2.62,12.6,2.2,2.9,13.1,2.2,3.37
2020-07-25,15.0,0.6,2.92,15.7,2.7,3.53,16.9,0.3,4.47
2020-07-26,17.9,0.1,3.82,17.5,1.8,4.08,17.1,0.4,4.52
2020-07-27,17.2,0.2,3.51,16.4,2.2,3.66,16.0,1.6,4.04
2020-07-28,16.9,1.3,3.12,16.9,1.3,3.58,17.4,2.3,4.65
2020-07-29,12.9,6.7,2.12,12.1,7.4,2.34,12.5,3.8,2.86
2020-07-30,12.1,3.9,2.65,11.2,2.0,2.7,11.1,0.5,3.27
2020-07-31,12.7,2.7,2.21,11.9,1.3,2.58,12.4,0.5,3.19
2020-08-01,12.6,4.4,1.94,12.0,5.6,2.24,12.2,2.5,2.75
2020-08-02,11.3,14.2,2.42,10.3,13.8,2.55,10.2,3.3,2.94
2020-08-03,9.7,4.5,2.56,8.6,3.9,2.75,8.8,1.8,3.02
2020-08-04,11.2,0.4,2.97,10.8,0.0,3.18,11.3,0.1,3.98
2020-08-05,11.8,1.5,2.68,11.4,0.4,3.0,12.0,0.0,3.82
2020-08-06,12.6,1.2,3.32,11.7,0.1,3.54,12.1,0.0,4.23
2020-08-07,14.0,1.3,3.04,13.1,1.5,3.25,13.6,3.6,4.1
2020-08-08,15.7,0.3,3.35,14.9,2.7,3.61,15.2,0.6,4.34
2020-08-09,15.7,1.4,3.11,15.4,0.6,3.56,15.5,0.2,4.32
2020-08-10,14.7,6.9,2.48,13.7,6.5,2.82,14.4,2.1,3.4
2020-08-11,12.6,13.8,1.86,11.5,19.8,1.96,11.3,5.4,1.99
2020-08-12,11.7,5.2,2.76,10.4,3.7,2.9,10.0,0.4,3.06
2020-08-13,10.3,8.0,1.8,9.1,11.6,2.02,9.0,2.5,2.16
2020-08-14,9.9,15.0,2.32,8.7,16.3,2.51,8.4,4.4,2.74
2020-08-15,8.2,10.8,1.83,6.9,6.6,2.01,7.0,1.6,2.25
2020-08-16,8.9,4.4,1.96,8.2,1.3,2.3,8.7,0.1,2.96
2020-08-17,9.3,5.5,1.58,8.4,1.2,1.97,8.9,0.0,2.32
2020-08-18,11.0,1.3,2.25,10.8,0.6,2.53,11.5,0.1,3.22
2020-08-19,12.9,0.5,2.43,12.7,0.5,2.7,13.1,0.5,3.49
2020-08-20,14.6,0.3,4.19,14.0,0.7,4.27,13.8,0.0,4.47
2020-08-21,11.3,14.3,1.82,10.6,15.1,1.97,10.5,5.6,2.23
2020-08-22,10.1,10.7,2.42,8.9,12.9,2.28,8.3,8.9,2.41
2020-08-23,8.9,15.5,1.97,7.5,19.5,1.77,6.4,10.8,1.83
2020-08-24,9.7,0.5,3.12,8.6,0.2,3.12,7.7,0.1,3.58
2020-08-25,13.6,0.1,4.27,12.5,0.6,4.33,12.0,0.0,4.51
2020-08-26,13.3,0.0,3.76,12.9,0.2,3.67,12.4,0.0,3.94
2020-08-27,12.6,0.7,2.31,11.8,0.4,2.57,11.6,0.0,3.22
2020-08-28,11.9,2.0,2.42,11.0,1.7,2.57,10.9,0.0,3.21
2020-08-29,11.9,0.0,3.48,11.7,0.0,3.63,11.2,0.0,4.02
2020-08-30,15.8,0.0,4.31,16.1,0.0,4.41,15.3,0.0,4.61
2020-08-31,17.7,0.0,4.25,17.5,0.0,4.56,17.1,0.0,4.74
2020-09-01,19.3,0.0,4.36,18.5,3.8,4.44,17.8,0.1,4.73
2020-09-02,17.7,0.4,3.9,16.4,0.3,3.7,15.6,1.0,3.71
2020-09-03,16.7,0.0,4.72,16.5,0.0,4.72,14.9,0.0,4.53
2020-09-04,16.5,0.0,4.74,17.2,0.0,4.54,16.5,0.0,4.61
2020-09-05,15.1,2.7,2.49,14.5,1.3,2.75,15.4,0.0,3.6
2020-09-06,12.9,3.2,1.92,12.3,1.2,2.28,12.9,0.4,2.9
2020-09-07,12.3,2.3,1.76,11.5,2.0,1.97,11.8,0.0,2.49
2020-09-08,11.6,1.7,2.44,10.2,2.7,2.46,10.3,0.2,3.08
2020-09-09,11.0,5.0,2.05,9.6,4.4,2.14,9.4,0.9,2.37
2020-09-10,12.2,0.3,2.73,11.3,1.1,2.9,11.4,0.5,3.42
2020-09-11,16.0,0.0,3.55,15.1,0.1,3.75,15.3,1.6,4.06
2020-09-12,16.2,0.5,3.62,15.5,0.5,3.63,15.1,0.2,3.77
2020-09-13,17.7,0.1,3.63,16.8,0.4,3.77,16.9,0.2,3.9
2020-09-14,16.1,0.0,2.47,15.8,0.3,2.86,16.3,0.7,3.48
2020-09-15,13.3,1.6,2.23,12.5,0.5,2.43,12.8,0.0,3.15
2020-09-16,12.3,0.2,2.45,11.7,0.0,2.61,12.1,0.0,3.26
2020-09-17,15.6,0.0,3.38,15.0,0.0,3.56,14.9,0.0,4.04
2020-09-18,15.1,0.0,3.15,14.2,0.0,3.22,13.4,0.0,3.46
2020-09-19,10.3,16.1,1.03,9.1,16.6,1.15,8.6,4.0,1.37
2020-09-20,9.9,0.4,1.83,8.9,0.2,2.08,9.5,0.0,2.79
2020-09-21,10.9,0.5,1.71,10.9,0.2,1.92,11.4,0.2,2.45
2020-09-22,10.6,1.7,1.76,10.2,6.0,1.94,10.5,2.1,2.43
2020-09-23,11.3,0.1,1.92,10.9,2.4,2.13,10.7,0.5,2.73
2020-09-24,12.6,0.5,2.27,11.5,2.2,2.4,11.2,0.4,2.81
2020-09-25,12.7,0.0,2.45,11.8,2.1,2.55,11.1,0.9,2.62
2020-09-26,11.7,4.0,2.27,10.3,11.5,2.24,9.5,1.6,2.2
2020-09-27,13.5,0.0,3.36,12.1,0.0,3.23,11.4,0.0,3.21
2020-09-28,12.2,0.0,2.89,12.2,0.0,2.92,10.8,0.0,3.06
2020-09-29,13.7,0.0,3.1,12.9,0.0,3.0,11.6,0.0,3.13
2020-09-30,11.6,6.3,2.35,11.4,5.4,2.34,11.0,0.2,2.45
2020-10-01,11.7,2.8,2.14,10.4,0.7,2.28,11.1,0.0,3.01
2020-10-02,9.4,6.0,1.7,8.5,3.3,1.78,8.0,2.6,1.93
2020-10-03,8.5,0.8,1.89,7.3,2.2,1.96,6.5,0.2,2.24
2020-10-04,8.1,4.2,1.41,6.9,4.0,1.51,6.6,1.4,1.7
2020-10-05,6.8,3.7,1.54,5.4,4.2,1.52,4.6,1.6,1.51
2020-10-06,6.7,0.2,2.22,5.9,0.7,2.16,4.3,0.6,2.28
2020-10-07,7.2,0.2,2.31,6.2,0.5,2.24,5.6,1.9,2.32
2020-10-08,9.2,0.0,2.99,8.2,0.0,2.84,7.1,0.0,2.89
2020-10-09,10.7,0.0,3.86,10.4,0.0,3.73,8.4,0.0,3.42
2020-10-10,12.3,0.0,3.57,11.8,0.0,3.53,9.5,0.0,3.29
2020-10-11,11.5,0.0,2.35,10.9,0.0,2.38,9.6,0.0,2.63
2020-10-12,11.4,0.0,2.93,10.7,0.0,2.77,9.9,0.0,2.94
2020-10-13,11.7,0.0,3.29,11.2,0.0,3.08,9.7,0.0,3.3
2020-10-14,10.8,0.0,2.78,10.2,0.0,2.6,10.4,0.0,2.71
2020-10-15,10.1,2.0,1.45,9.4,2.8,1.65,8.6,0.4,2.14
2020-10-16,10.5,0.0,2.4,10.2,0.2,2.44,9.8,0.0,2.65
2020-10-17,10.2,0.0,2.56,11.6,0.0,2.62,10.5,0.0,2.67
2020-10-18,10.1,0.0,2.66,9.8,0.0,2.63,9.8,0.0,2.8
2020-10-19,9.2,7.0,2.15,8.2,9.1,2.14,7.1,2.0,2.31
2020-10-20,6.3,4.5,0.82,5.2,4.7,0.87,5.0,4.1,1.1
2020-10-21,5.6,3.2,1.22,4.7,2.6,1.32,4.8,0.5,1.71
2020-10-22,8.3,0.0,2.13,8.1,0.0,2.09,7.4,0.0,2.26
2020-10-23,7.9,0.0,2.24,9.9,0.0,2.28,8.4,0.0,2.32
2020-10-24,7.6,0.0,2.44,10.6,0.0,2.3,8.9,0.0,2.3
2020-10-25,7.5,0.0,2.2,10.5,0.0,2.14,8.1,0.0,2.13
2020-10-26,8.0,0.0,2.54,9.0,0.0,2.52,7.4,0.0,2.52
2020-10-27,9.0,0.0,2.68,8.3,0.0,2.39,7.4,0.0,2.44
2020-10-28,10.4,0.0,2.87,9.7,0.0,2.67,8.1,0.0,2.54
2020-10-29,10.0,0.0,2.69,9.3,0.0,2.46,8.2,0.0,2.44
2020-10-30,9.1,0.0,2.36,8.7,0.0,2.31,8.0,0.0,2.34
2020-10-31,9.1,0.2,1.88,8.5,2.0,1.9,6.8,1.1,1.87
2020-11-01,8.3,0.0,1.96,7.2,0.0,1.98,6.1,0.0,2.3
2020-11-02,5.6,6.8,0.79,4.3,3.5,0.88,4.0,1.9,1.03
2020-11-03,5.2,0.4,0.97,4.2,0.6,0.89,3.1,2.0,0.72
2020-11-04,6.6,0.0,1.17,5.0,0.1,0.94,3.4,4.4,0.86
2020-11-05,6.2,11.4,1.22,5.2,3.8,1.3,4.3,0.9,1.41
2020-11-06,3.2,60.1,0.28,1.4,63.6,0.35,0.5,50.6,0.37
2020-11-07,0.3,11.1,0.34,-1.3,13.3,0.35,-2.1,7.8,0.38
2020-11-08,-0.0,0.3,0.99,-0.4,0.5,1.08,-1.8,0.2,1.15
2020-11-09,1.8,0.0,1.66,1.9,0.0,1.57,-0.8,0.0,1.6
2020-11-10,2.0,0.7,1.0,1.3,0.0,1.08,0.9,0.0,1.18
2020-11-11,0.8,3.5,0.66,-1.4,2.0,0.73,-2.1,0.4,0.79
2020-11-12,0.3,0.0,0.99,-2.1,0.0,1.05,-3.8,0.0,1.21
2020-11-13,0.1,0.0,1.37,-1.2,0.0,1.31,-1.3,0.0,1.44
2020-11-14,0.8,0.0,1.59,-1.5,0.0,1.53,-0.6,0.0,1.65
2020-11-15,-0.4,0.0,1.01,-1.9,0.0,1.06,-2.8,0.0,1.11
2020-11-16,-1.1,0.0,0.94,-2.7,0.0,0.95,-3.9,0.0,1.04
2020-11-17,-1.3,0.0,0.88,-3.4,0.0,0.88,-4.4,0.0,0.9
2020-11-18,-1.1,0.6,0.42,-3.2,0.4,0.52,-3.9,0.0,0.58
2020-11-19,-2.1,0.7,0.48,-4.2,0.0,0.58,-4.4,0.0,0.76
2020-11-20,0.1,3.4,0.62,-1.6,4.1,0.53,-3.0,6.0,0.49
2020-11-21,-2.1,4.9,0.34,-3.6,5.4,0.38,-4.3,2.2,0.42
2020-11-22,-3.2,4.7,0.79,-5.3,4.9,0.83,-6.0,2.2,0.92
2020-11-23,-6.8,5.6,0.75,-6.5,5.6,0.69,-7.4,3.2,0.75
2020-11-24,-3.1,0.0,1.32,0.8,0.0,1.21,-1.7,0.0,1.23
2020-11-25,-3.8,2.7,0.53,-5.7,2.2,0.46,-6.4,1.0,0.47
2020-11-26,-5.0,0.1,0.52,-6.8,0.0,0.52,-7.6,0.0,0.6
2020-11-27,-5.9,0.0,1.13,-4.6,0.0,1.05,-7.7,0.0,1.06
2020-11-28,-4.9,0.0,1.35,-3.4,0.0,1.2,-6.9,0.0,1.23
2020-11-29,-4.6,0.0,1.03,-1.9,0.0,0.96,-3.4,0.0,0.96
2020-11-30,-5.2,0.0,1.07,-1.9,0.0,1.0,-4.7,0.0,0.96
2020-12-01,-1.3,0.4,0.91,-2.1,1.4,0.82,-5.4,0.7,0.68
2020-12-02,-0.4,0.2,0.76,-0.9,0.4,0.74,-3.0,0.3,0.66
2020-12-03,-3.2,0.0,1.0,-3.1,0.0,0.94,-4.7,0.0,0.86
2020-12-04,-4.4,0.0,1.03,-3.9,0.0,0.94,-5.4,0.0,0.85
2020-12-05,-4.4,0.0,0.99,-4.4,0.0,0.88,-5.2,0.0,0.88
2020-12-06,-5.7,0.2,0.7,-5.1,0.0,0.66,-7.5,0.0,0.66
2020-12-07,-6.6,0.0,0.93,-8.0,0.0,0.81,-10.8,0.0,0.7
2020-12-08,-1.5,1.3,0.71,-3.2,2.7,0.56,-5.9,2.4,0.42
2020-12-09,-1.3,3.4,0.39,-2.4,4.6,0.36,-4.0,4.3,0.38
2020-12-10,-5.0,0.0,1.0,-5.4,0.0,0.89,-8.3,0.0,0.87
2020-12-11,-2.8,0.0,1.25,-3.2,0.0,1.18,-8.0,0.0,0.99
2020-12-12,-0.8,0.8,0.73,-2.0,1.9,0.59,-5.5,0.9,0.4
2020-12-13,1.2,0.2,0.77,-0.3,0.3,0.61,-2.2,0.4,0.44
2020-12-14,2.1,0.4,0.9,0.7,0.8,0.73,-1.4,1.1,0.48
2020-12-15,2.8,0.3,0.6,1.4,1.0,0.61,-0.3,1.3,0.58
2020-12-16,0.0,0.8,0.62,-1.4,1.5,0.57,-2.5,1.3,0.69
2020-12-17,-2.2,0.9,0.41,-4.2,1.0,0.45,-4.6,0.2,0.55
2020-12-18,-2.8,0.0,0.79,-5.2,0.0,0.83,-5.9,0.0,0.95
2020-12-19,-3.2,1.6,0.78,-5.7,1.4,0.75,-6.6,1.5,0.97
2020-12-20,-5.9,1.5,0.74,-6.7,2.1,0.68,-8.4,1.6,0.63
2020-12-21,-6.3,0.0,0.65,-7.1,0.0,0.57,-8.8,0.0,0.64
2020-12-22,-3.9,5.1,0.42,-5.6,5.6,0.4,-6.9,6.3,0.35
2020-12-23,-8.1,11.5,0.21,-9.3,11.5,0.18,-10.4,6.1,0.2
2020-12-24,-10.9,5.1,0.45,-11.2,8.5,0.33,-12.6,6.1,0.35
2020-12-25,-11.4,0.0,0.84,-8.6,0.0,0.77,-11.7,0.1,0.66
2020-12-26,-3.5,0.0,1.02,-2.8,0.0,0.97,-8.8,0.0,0.75
2020-12-27,-4.0,0.0,1.14,-1.9,0.0,1.15,-5.3,0.0,1.16
2020-12-28,-2.4,0.0,1.5,-0.6,0.0,1.51,-6.3,0.0,1.25
2020-12-29,-2.6,0.0,1.37,-1.1,0.0,1.32,-5.4,0.0,1.21
2020-12-30,-5.3,0.0,1.23,-1.3,0.0,1.21,-4.0,0.0,1.19
2020-12-31,-3.3,0.0,1.29,-0.8,0.0,1.3,-5.8,0.0,1.16
2021-01-01,-2.9,0.0,1.18,-1.1,0.0,1.2,-6.0,0.0,0.97
2021-01-02,-3.7,0.0,0.7,-2.9,0.1,0.63,-4.6,0.2,0.54
2021-01-03,-6.2,0.0,0.97,-2.8,0.0,0.91,-5.2,0.0,0.95
2021-01-04,-5.6,0.0,1.21,-4.3,0.0,1.14,-8.6,0.0,1.03
2021-01-05,-1.3,0.0,1.61,-1.2,0.0,1.64,-5.1,0.0,1.25
2021-01-06,-2.7,0.2,1.1,-2.6,0.2,1.02,-6.2,0.5,0.93
2021-01-07,-3.3,0.0,1.25,-2.5,0.0,1.27,-6.8,0.0,1.1
2021-01-08,-2.2,0.0,1.27,-2.1,0.0,1.17,-4.7,0.0,1.09
2021-01-09,-0.8,0.0,1.27,-0.6,0.0,1.25,-5.3,0.0,1.04
2021-01-10,-0.7,0.8,1.14,-0.9,1.5,1.07,-4.6,1.7,0.91
2021-01-11,2.0,3.2,0.78,0.8,7.5,0.58,-1.5,9.5,0.49
2021-01-12,3.4,0.6,0.75,2.5,4.6,0.67,0.4,6.5,0.61
2021-01-13,4.3,0.0,1.41,2.6,0.0,1.01,0.8,0.0,0.72
2021-01-14,0.5,3.6,0.64,-1.3,4.0,0.5,-2.6,5.3,0.45
2021-01-15,-3.4,7.5,0.8,-5.4,9.6,0.75,-6.8,10.8,0.71
2021-01-16,-2.7,5.7,0.62,-4.2,8.0,0.5,-5.3,7.9,0.44
2021-01-17,-0.8,10.3,0.86,-2.3,12.0,0.68,-3.8,10.5,0.43
2021-01-18,-8.3,13.2,0.53,-9.8,14.3,0.43,-10.4,12.6,0.44
2021-01-19,-14.5,0.0,0.54,-15.0,0.0,0.48,-16.9,0.0,0.49
2021-01-20,-13.2,2.9,0.53,-14.4,2.8,0.45,-16.8,2.0,0.46
2021-01-21,-11.5,0.5,0.72,-12.9,0.7,0.54,-14.9,0.8,0.52
2021-01-22,-12.0,0.0,0.97,-10.1,0.0,1.07,-11.5,0.0,0.97
2021-01-23,-9.3,0.0,1.18,-7.1,0.0,1.19,-9.3,0.0,1.08
2021-01-24,-4.1,0.0,1.59,-3.5,0.0,1.56,-8.6,0.0,1.19
2021-01-25,-3.8,0.0,1.57,-3.9,0.0,1.53,-8.2,0.0,1.18
2021-01-26,-2.2,0.1,1.41,-2.9,0.1,1.32,-6.0,0.1,1.04
2021-01-27,-0.9,0.0,1.42,-2.1,0.1,1.18,-4.3,0.0,0.92
2021-01-28,-1.2,0.5,1.04,-2.8,0.9,0.85,-4.5,3.9,0.53
2021-01-29,-5.2,12.8,0.34,-6.3,13.1,0.31,-6.9,16.3,0.31
2021-01-30,-5.5,0.6,1.1,-6.4,0.5,1.0,-8.5,1.0,0.76
2021-01-31,-3.4,3.7,0.89,-4.8,4.4,0.7,-7.0,4.1,0.47
2021-02-01,-2.3,0.0,1.31,-3.1,0.0,1.26,-6.0,0.0,0.85
2021-02-02,-1.5,0.0,1.56,-1.0,0.0,1.58,-5.1,0.0,1.25
2021-02-03,-1.6,0.0,1.66,-0.6,0.0,1.55,-4.8,0.0,1.48
2021-02-04,-1.0,0.0,1.45,-0.8,0.2,1.33,-3.3,0.2,1.14
2021-02-05,-2.1,14.2,0.48,-3.3,16.2,0.38,-5.2,13.4,0.38
2021-02-06,-3.6,0.1,1.36,-4.1,0.1,1.25,-6.4,0.1,1.14
2021-02-07,-1.4,0.0,1.53,-1.1,0.0,1.34,-4.3,0.0,1.18
2021-02-08,1.9,0.0,1.89,1.1,0.0,1.73,-2.6,0.0,1.44
2021-02-09,2.2,0.8,1.65,0.8,1.1,1.46,-1.6,0.7,1.19
2021-02-10,0.5,0.0,1.31,-0.3,0.0,1.16,-2.3,0.0,0.99
2021-02-11,-0.7,0.0,1.57,-0.8,0.0,1.53,-4.0,0.0,1.29
2021-02-12,0.2,0.2,1.65,-0.4,0.1,1.57,-4.0,0.2,1.33
2021-02-13,-4.5,5.8,0.85,-5.1,4.0,0.76,-4.8,2.3,0.96
2021-02-14,-1.5,0.1,1.01,-1.9,0.2,0.85,-2.5,0.3,0.87
2021-02-15,-1.2,0.2,0.63,-1.2,0.7,0.52,-1.3,5.1,0.56
2021-02-16,-8.3,9.5,0.45,-6.5,17.7,0.47,-4.5,11.7,0.56
2021-02-17,-13.2,14.1,0.45,-14.0,15.0,0.37,-14.2,15.4,0.35
2021-02-18,-13.1,0.8,0.79,-14.0,1.1,0.68,-14.9,0.6,0.8
2021-02-19,-11.1,5.1,0.8,-11.9,4.6,0.69,-14.2,3.4,0.57
2021-02-20,-12.7,1.8,0.76,-14.1,1.8,0.63,-15.4,0.7,0.67
2021-02-21,-12.7,0.0,1.13,-11.7,0.0,1.05,-13.8,0.0,1.12
2021-02-22,-9.4,0.0,1.32,-7.6,0.0,1.22,-9.9,0.0,1.23
2021-02-23,-5.1,1.4,1.08,-6.0,2.2,0.89,-8.1,2.3,0.88
2021-02-24,-5.6,0.6,0.79,-7.1,1.0,0.75,-7.9,0.8,0.82
2021-02-25,-6.9,1.3,0.79,-8.5,0.4,0.74,-9.1,0.2,0.95
2021-02-26,-5.6,0.0,1.29,-6.3,0.0,1.25,-6.9,0.0,1.41
2021-02-27,-5.6,0.0,1.81,-3.4,0.0,1.7,-4.2,0.0,1.79
2021-02-28,-5.8,5.5,1.45,-3.7,3.2,1.43,-5.3,1.5,1.63
2021-03-01,-7.8,4.6,0.95,-9.4,4.8,0.81,-10.3,3.1,0.91
2021-03-02,-7.9,0.0,1.3,-9.0,0.0,1.34,-9.7,0.0,1.51
2021-03-03,-7.4,0.5,1.23,-7.8,0.3,1.18,-8.2,0.0,1.33
2021-03-04,-6.6,0.0,1.13,-7.6,0.0,1.15,-8.3,0.0,1.63
2021-03-05,-3.3,0.0,2.1,-2.8,0.0,2.02,-4.3,0.0,1.98
2021-03-06,-2.8,0.1,2.26,-2.7,0.1,2.17,-4.9,0.1,2.09
2021-03-07,-5.4,7.0,0.57,-6.3,8.8,0.58,-6.4,5.9,0.7
2021-03-08,-6.8,3.3,1.1,-7.3,3.9,0.96,-7.4,4.3,1.05
2021-03-09,-7.7,0.2,1.62,-8.6,0.0,1.55,-9.5,0.2,1.58
2021-03-10,-4.1,0.2,1.98,-4.9,0.2,1.8,-6.9,0.2,1.64
2021-03-11,-1.2,6.7,1.52,-2.4,8.5,1.33,-3.6,5.8,1.26
2021-03-12,-9.9,12.1,0.53,-11.4,12.2,0.47,-12.4,6.2,0.53
2021-03-13,-6.8,0.0,2.25,-5.4,0.0,1.97,-8.0,0.0,1.94
2021-03-14,-2.1,0.1,2.39,-3.2,0.3,2.16,-4.7,0.3,2.13
2021-03-15,-0.1,1.9,1.47,-1.1,2.4,1.16,-3.6,2.9,0.96
2021-03-16,1.4,2.3,1.49,-0.2,2.7,1.1,-1.9,2.8,0.84
2021-03-17,0.6,3.7,1.99,-1.1,4.5,1.69,-2.5,3.7,1.48
2021-03-18,-2.6,2.7,1.72,-4.6,3.9,1.46,-6.2,4.4,1.45
2021-03-19,-5.0,0.8,1.45,-6.3,1.6,1.24,-7.9,1.2,1.34
2021-03-20,-2.6,4.0,1.29,-4.2,7.5,1.07,-5.4,5.9,1.2
2021-03-21,-0.6,4.1,1.11,-1.8,7.2,0.92,-2.6,8.2,0.92
2021-03-22,2.8,5.2,2.05,1.2,5.7,1.68,-0.5,6.2,1.46
2021-03-23,3.8,1.1,1.92,2.1,1.5,1.57,0.4,1.9,1.2
2021-03-24,-4.4,29.1,1.01,-4.3,28.8,0.91,-3.2,14.9,1.09
2021-03-25,-7.7,6.9,0.81,-7.9,10.3,0.72,-7.7,8.6,0.9
2021-03-26,-7.0,11.1,1.06,-7.9,10.5,0.96,-8.2,12.6,0.97
2021-03-27,-8.4,9.6,0.83,-9.8,8.4,0.71,-10.8,5.6,0.69
2021-03-28,-8.0,0.0,1.99,-7.6,0.0,1.85,-9.2,0.0,1.92
2021-03-29,-5.9,0.0,2.18,-5.6,0.0,2.01,-7.0,0.0,2.16
2021-03-30,-4.5,0.0,2.38,-4.3,0.0,2.51,-6.0,0.0,2.48
2021-03-31,0.3,0.2,2.61,-1.2,0.3,2.45,-3.3,0.4,2.6
2021-04-01,1.6,0.9,2.28,0.4,1.8,2.02,-1.4,5.6,2.03
2021-04-02,-1.2,1.0,1.79,-2.3,0.8,1.72,-3.0,1.5,1.92
2021-04-03,-0.7,1.3,2.05,-2.1,1.9,1.81,-3.1,2.2,1.66
2021-04-04,1.5,0.0,2.76,0.4,0.1,2.51,-1.5,0.1,2.34
2021-04-05,2.6,4.1,1.49,1.3,4.2,1.22,-0.9,5.1,1.07
2021-04-06,3.9,3.7,2.08,2.5,4.3,1.75,1.2,2.7,1.59
2021-04-07,6.7,0.0,3.34,5.4,0.1,2.98,3.8,0.0,2.8
2021-04-08,6.4,0.0,3.61,6.8,0.0,3.6,5.5,0.0,3.38
2021-04-09,-0.9,1.1,1.4,-0.3,18.5,1.82,1.1,1.2,2.48
2021-04-10,-4.8,3.2,1.13,-4.0,13.7,1.32,-2.7,9.6,1.93
2021-04-11,-0.6,2.8,1.86,-0.7,5.7,1.99,0.1,12.5,2.34
2021-04-12,-1.5,2.6,1.96,-2.7,2.5,2.04,-3.2,4.7,2.23
2021-04-13,-2.6,2.3,1.27,-3.2,4.0,1.41,-3.8,3.0,1.86
2021-04-14,-1.0,0.0,2.87,-1.2,0.0,2.75,-2.2,0.0,2.56
2021-04-15,1.0,2.2,2.3,0.9,1.6,2.32,-1.0,1.0,2.24
2021-04-16,5.2,0.2,2.82,2.8,0.2,2.77,1.3,0.2,2.64
2021-04-17,8.1,0.4,3.17,5.6,1.9,3.07,3.9,1.0,2.85
2021-04-18,8.9,2.6,2.68,5.6,1.0,2.48,3.8,2.0,2.46
2021-04-19,10.4,3.0,3.2,7.0,1.3,2.98,5.3,2.6,2.9
2021-04-20,11.3,0.8,3.25,8.4,1.0,3.0,7.7,2.7,3.2
2021-04-21,6.2,4.9,2.43,5.1,4.1,2.57,6.0,4.1,2.77
2021-04-22,3.7,3.9,2.02,1.9,2.8,2.33,2.1,2.3,2.62
2021-04-23,4.1,0.0,3.62,1.9,0.0,3.75,0.8,0.0,3.72
2021-04-24,5.1,0.1,2.95,4.2,0.1,3.18,4.4,0.0,3.55
2021-04-25,9.9,0.6,3.5,6.7,0.2,3.31,5.9,0.4,3.12
2021-04-26,6.5,9.7,2.31,4.7,12.0,2.4,5.1,11.0,2.63
2021-04-27,4.2,0.8,2.47,3.6,0.5,2.89,3.8,0.3,3.41
2021-04-28,7.7,0.0,3.93,6.3,0.5,3.91,5.0,0.0,3.85
2021-04-29,9.4,7.9,3.02,7.4,4.5,2.84,5.6,2.7,2.87
2021-04-30,7.9,13.0,2.23,6.1,5.5,2.21,3.8,7.3,2.03
2021-05-01,6.6,0.1,3.0,4.5,0.1,2.9,2.4,0.1,2.58
2021-05-02,7.9,0.0,3.89,5.8,0.0,3.82,4.5,0.0,3.87
2021-05-03,10.0,0.2,4.04,10.2,1.0,3.93,9.0,0.0,3.7
2021-05-04,7.8,11.7,2.03,6.7,12.5,2.12,5.5,7.6,2.19
2021-05-05,4.4,2.4,2.02,3.0,2.3,2.08,2.6,2.6,2.3
2021-05-06,7.3,1.1,3.53,5.4,1.8,3.42,4.5,0.8,3.26
2021-05-07,5.3,1.0,3.06,3.4,2.3,2.93,2.9,2.3,2.9
2021-05-08,9.7,0.0,4.48,8.3,0.0,4.4,7.3,0.0,4.28
2021-05-09,3.1,24.4,0.95,2.3,22.6,1.15,2.3,17.6,1.37
2021-05-10,-3.3,0.7,1.96,-5.2,0.3,2.04,-5.5,0.1,2.19
2021-05-11,0.1,0.0,2.89,-1.0,0.0,3.08,-0.5,0.0,3.55
2021-05-12,5.4,0.0,4.22,4.8,0.1,4.07,4.5,0.4,4.26
2021-05-13,11.7,0.0,5.17,10.9,0.0,5.09,10.3,0.0,5.13
2021-05-14,12.9,0.0,5.33,12.2,0.0,5.21,11.1,0.0,5.13
2021-05-15,12.4,0.6,4.64,11.9,1.4,4.8,12.3,0.0,4.98
2021-05-16,15.0,0.0,5.27,13.8,0.0,5.04,12.3,0.0,4.98
2021-05-17,9.1,3.1,3.03,8.7,2.6,3.2,9.1,1.1,3.65
2021-05-18,9.2,0.3,3.93,8.1,1.1,3.87,7.6,0.1,3.86
2021-05-19,8.8,0.2,2.78,8.2,0.7,3.04,8.6,0.2,3.69
2021-05-20,14.0,0.0,5.73,13.4,0.0,5.63,12.2,0.3,5.54
2021-05-21,17.7,0.0,5.81,16.5,0.2,5.6,14.9,0.6,5.42
2021-05-22,11.4,4.3,2.94,11.6,10.8,3.31,12.2,8.8,3.71
2021-05-23,5.2,11.2,1.44,3.8,11.7,1.6,4.1,10.4,1.79
2021-05-24,6.6,1.4,2.38,5.9,0.1,2.7,6.4,0.1,3.11
2021-05-25,6.5,6.5,1.75,5.2,4.5,1.91,4.9,1.3,2.08
2021-05-26,6.7,0.0,3.6,5.2,0.0,3.67,4.5,0.0,3.99
2021-05-27,9.8,0.0,4.18,8.9,0.0,4.4,8.6,0.0,4.65
2021-05-28,12.9,5.3,4.18,11.8,12.5,4.19,10.8,1.6,4.08
2021-05-29,11.4,5.0,3.72,10.4,2.9,3.9,10.0,2.5,4.25
2021-05-30,8.8,5.0,2.81,7.6,5.3,2.82,7.0,3.3,3.07
2021-05-31,12.1,6.8,4.59,11.0,5.2,4.47,10.3,0.9,4.42
2021-06-01,12.3,1.1,4.06,11.6,0.2,4.25,12.1,3.7,4.73
2021-06-02,8.7,11.1,2.53,7.2,10.6,2.83,7.3,6.1,3.39
2021-06-03,6.1,2.7,3.45,4.9,5.0,3.62,4.7,0.6,3.92
2021-06-04,5.8,10.0,2.78,4.8,7.2,2.96,4.5,1.4,3.05
2021-06-05,4.7,3.3,1.64,3.8,3.2,1.94,3.8,1.0,2.21
2021-06-06,4.6,8.2,1.54,3.4,7.3,1.57,3.2,7.6,1.83
2021-06-07,6.3,0.8,3.73,5.2,0.7,3.64,4.1,0.1,3.57
2021-06-08,8.4,0.3,3.83,7.4,1.3,3.78,6.7,0.6,3.78
2021-06-09,9.0,5.7,2.81,8.0,14.7,2.9,7.5,4.7,3.27
2021-06-10,9.6,3.5,2.95,8.2,5.4,3.13,7.7,2.6,3.19
2021-06-11,9.3,6.6,2.39,8.2,12.0,2.53,7.9,4.2,2.71
2021-06-12,9.4,5.4,2.36,8.6,12.9,2.52,8.4,6.9,2.84
2021-06-13,9.6,9.1,2.77,8.5,7.9,2.74,8.2,4.2,2.86
2021-06-14,13.2,0.4,4.86,12.4,0.0,5.0,12.5,0.6,5.22
2021-06-15,13.3,1.2,4.61,12.4,1.6,4.77,12.6,0.2,5.12
2021-06-16,13.8,0.8,4.29,14.7,0.0,5.31,15.4,0.0,6.4
2021-06-17,9.5,4.0,2.33,9.0,2.9,2.63,8.8,0.4,3.44
2021-06-18,10.9,0.6,3.94,10.2,0.6,4.13,10.1,0.1,4.33
2021-06-19,13.4,0.5,4.27,13.9,0.0,4.94,14.9,0.0,5.28
2021-06-20,15.1,0.1,4.06,15.7,0.1,4.73,16.2,0.1,5.01
2021-06-21,19.3,0.0,5.73,18.3,0.0,6.1,17.8,0.0,6.68
2021-06-22,16.0,1.3,4.65,15.7,0.1,5.07,16.2,1.0,5.96
2021-06-23,13.2,3.5,2.92,13.7,2.2,3.74,14.5,0.2,4.33
2021-06-24,12.1,3.6,2.57,11.7,3.3,3.0,12.5,0.4,3.88
2021-06-25,12.6,2.3,2.91,12.5,2.2,3.47,13.1,0.5,4.15
2021-06-26,12.6,4.3,3.15,12.3,5.8,3.52,12.3,2.8,4.05
2021-06-27,12.7,1.7,2.62,12.0,2.8,2.99,12.4,2.2,3.45
2021-06-28,12.6,4.4,2.67,11.7,4.6,2.93,12.1,1.3,3.17
2021-06-29,11.7,11.2,1.94,10.8,7.5,2.24,11.1,2.1,2.63
2021-06-30,12.6,3.9,2.49,11.8,1.6,2.82,12.1,0.5,3.27
2021-07-01,15.0,0.3,3.47,14.7,0.4,3.87,14.9,0.1,4.51
2021-07-02,16.7,0.1,4.77,15.9,0.3,4.83,15.4,0.3,4.87
2021-07-03,16.7,0.0,5.13,16.9,0.8,5.1,15.8,0.4,5.21
2021-07-04,13.2,12.4,2.73,13.0,15.6,3.34,13.6,3.5,4.06
2021-07-05,10.9,3.1,2.9,9.7,3.4,2.97,9.6,0.9,3.07
2021-07-06,12.4,4.9,3.82,11.6,7.5,3.94,11.1,1.5,4.01
2021-07-07,12.4,4.9,3.58,11.1,13.2,3.47,10.5,8.4,3.48
2021-07-08,12.2,4.6,3.77,11.5,3.7,3.86,11.2,0.9,4.16
2021-07-09,12.7,4.2,2.57,12.0,6.6,2.78,12.2,3.6,2.91
2021-07-10,12.1,5.6,2.11,11.1,4.8,2.32,11.1,3.1,2.58
2021-07-11,13.3,2.9,2.84,12.6,3.3,3.11,12.9,3.7,3.62
2021-07-12,14.2,2.2,2.74,13.6,5.1,3.08,13.7,2.2,3.68
2021-07-13,13.6,40.4,1.97,12.7,30.2,2.44,12.7,13.8,2.78
2021-07-14,12.4,116.8,1.3,11.3,63.2,1.45,11.1,35.6,1.63
2021-07-15,12.4,20.0,2.44,11.3,13.6,2.4,11.0,13.7,2.41
2021-07-16,14.1,1.8,3.17,13.0,4.5,3.38,13.2,2.1,4.06
2021-07-17,18.1,0.0,4.41,16.7,6.2,4.36,16.1,0.3,4.48
2021-07-18,19.2,2.1,4.24,17.8,1.8,4.26,16.6,0.9,4.43
2021-07-19,20.1,0.0,4.72,19.0,0.3,4.76,17.6,0.0,4.66
2021-07-20,20.4,0.0,5.42,20.8,0.0,5.7,19.3,0.0,5.64
2021-07-21,16.9,9.1,2.4,16.7,6.3,2.94,16.3,1.5,3.59
2021-07-22,13.0,17.1,1.85,11.8,19.2,2.06,11.7,3.8,2.35
2021-07-23,11.1,13.1,2.39,9.7,17.1,2.51,9.5,3.2,2.72
2021-07-24,10.9,11.0,2.0,9.7,8.5,2.09,9.5,5.7,2.13
2021-07-25,12.8,4.0,2.77,12.2,2.4,3.16,12.5,0.5,3.65
2021-07-26,14.8,2.7,2.82,14.6,1.0,3.38,14.8,0.9,3.97
2021-07-27,12.4,13.4,1.72,11.3,20.1,1.92,11.2,3.2,2.13
2021-07-28,12.1,7.0,2.74,10.8,8.0,2.8,10.5,2.6,2.98
2021-07-29,11.7,6.0,2.15,10.5,3.1,2.36,10.5,0.9,2.55
2021-07-30,12.5,4.5,2.39,11.2,4.3,2.56,11.2,1.6,2.74
2021-07-31,13.1,6.8,2.44,12.1,4.6,2.67,12.0,2.2,2.83
2021-08-01,13.7,6.8,2.15,12.7,3.3,2.53,12.9,1.6,3.0
2021-08-02,14.3,6.0,2.41,13.3,3.5,2.68,13.3,2.3,3.24
2021-08-03,14.9,5.7,3.25,14.0,2.1,3.44,14.1,1.1,3.96
2021-08-04,15.4,7.4,2.74,14.6,4.8,3.04,14.8,0.7,3.84
2021-08-05,15.5,5.1,2.65,14.9,1.6,2.93,15.2,0.5,3.75
2021-08-06,18.3,4.3,4.25,17.3,2.4,4.23,16.8,2.2,4.56
2021-08-07,16.9,4.4,3.43,15.4,9.1,3.32,14.5,7.9,3.43
2021-08-08,14.0,16.3,2.46,13.1,20.5,2.86,12.7,9.0,3.32
2021-08-09,13.2,12.7,2.19,12.5,21.9,2.56,12.4,5.6,3.04
2021-08-10,12.7,8.8,1.95,11.6,7.6,2.26,11.7,5.7,2.53
2021-08-11,13.2,12.5,2.39,12.1,15.6,2.58,12.2,10.2,2.98
2021-08-12,13.2,15.2,2.46,12.2,15.3,2.57,12.1,8.5,3.05
2021-08-13,12.2,21.2,2.17,11.3,18.1,2.36,10.9,6.2,2.67
2021-08-14,10.7,19.1,1.43,9.6,16.2,1.57,9.4,17.1,1.68
2021-08-15,10.2,6.7,1.64,9.3,5.8,1.89,9.4,4.7,2.17
2021-08-16,10.7,9.5,1.43,9.7,6.4,1.62,9.8,4.9,1.86
2021-08-17,12.2,2.7,2.24,11.7,1.1,2.6,12.1,0.3,3.16
2021-08-18,14.6,1.7,2.75,14.5,2.2,3.13,14.7,0.2,3.88
2021-08-19,12.9,10.3,2.01,12.0,7.9,2.25,11.9,3.2,2.63
